user_id,track_id,track_name,artist_name,album_name,duration_ms,genre,played_at
user3,tr017,Blinding Lights,The Weeknd,After Hours,200000,Synth-Pop,2024-01-01T13:39:12Z
user3,tr007,Beautiful Things,Benson Boone,Beautiful Things,197000,Pop Rock,2024-01-01T22:36:25Z
user1,tr026,Heat Waves,Glass Animals,Dreamland,238805,Indie Pop,2024-01-02T12:09:08Z
user1,tr008,Harlequin,Lady Gaga,Harlequin,162000,Pop,2024-01-02T13:08:40Z
user3,tr029,Ghost,Justin Bieber,Justice,153496,Pop,2024-01-03T17:03:35Z
user2,tr012,Lose Control,Teddy Swims,I ve Tried Everything,203000,R&B,2024-01-03T19:13:17Z
user2,tr029,Ghost,Justin Bieber,Justice,153496,Pop,2024-01-04T12:15:28Z
user1,tr008,Harlequin,Lady Gaga,Harlequin,162000,Pop,2024-01-04T20:10:44Z
user1,tr014,Lunch,Billie Eilish,HIT ME HARD AND SOFT,187000,Indie Pop,2024-01-05T08:56:44Z
user1,tr027,Levitating,Dua Lipa,Future Nostalgia,203064,Dance Pop,2024-01-05T16:36:06Z
user2,tr003,APT.,ROSÉ,rosie,170000,K-Pop,2024-01-05T19:05:31Z
user1,tr020,Anti-Hero,Taylor Swift,Midnights,200698,Pop,2024-01-05T19:35:19Z
user2,tr016,One Of The Girls,The Weeknd,One Of The Girls,218000,R&B,2024-01-07T01:46:17Z
user2,tr023,Flowers,Miley Cyrus,Endless Summer Vacation,200455,Pop,2024-01-08T19:50:18Z
user3,tr022,bad idea right?,Olivia Rodrigo,GUTS,175000,Pop Rock,2024-01-08T21:48:53Z
user1,tr017,Blinding Lights,The Weeknd,After Hours,200000,Synth-Pop,2024-01-09T07:14:25Z
user2,tr019,Shake It Off,Taylor Swift,1989,219200,Pop,2024-01-09T11:04:06Z
user2,tr029,Ghost,Justin Bieber,Justice,153496,Pop,2024-01-10T12:53:09Z
user1,tr001,Espresso,Sabrina Carpenter,Short n Sweet,175459,Pop,2024-01-10T16:04:55Z
user3,tr017,Blinding Lights,The Weeknd,After Hours,200000,Synth-Pop,2024-01-10T19:40:46Z
user3,tr005,Birds Of A Feather,Billie Eilish,HIT ME HARD AND SOFT,210000,Indie Pop,2024-01-11T04:07:26Z
user1,tr002,Please Please Please,Sabrina Carpenter,Short n Sweet,186614,Pop,2024-01-11T18:14:37Z
user2,tr027,Levitating,Dua Lipa,Future Nostalgia,203064,Dance Pop,2024-01-12T23:29:43Z
user1,tr026,Heat Waves,Glass Animals,Dreamland,238805,Indie Pop,2024-01-13T09:59:21Z
user2,tr011,Not Like Us,Kendrick Lamar,Not Like Us,274000,Hip-Hop,2024-01-13T16:18:26Z
user3,tr020,Anti-Hero,Taylor Swift,Midnights,200698,Pop,2024-01-13T16:21:02Z
user1,tr020,Anti-Hero,Taylor Swift,Midnights,200698,Pop,2024-01-13T20:15:14Z
user1,tr019,Shake It Off,Taylor Swift,1989,219200,Pop,2024-01-14T07:43:53Z
user3,tr006,"Good Luck, Babe!",Chappell Roan,"Good Luck, Babe!",218000,Pop,2024-01-14T19:18:16Z
user2,tr002,Please Please Please,Sabrina Carpenter,Short n Sweet,186614,Pop,2024-01-15T07:41:49Z
user1,tr011,Not Like Us,Kendrick Lamar,Not Like Us,274000,Hip-Hop,2024-01-15T08:16:11Z
user3,tr015,STARGAZING,Myles Smith,STARGAZING,205000,Indie Pop,2024-01-16T15:41:10Z
user2,tr019,Shake It Off,Taylor Swift,1989,219200,Pop,2024-01-16T17:40:34Z
user3,tr030,Peaches,Justin Bieber,Justice,197913,R&B,2024-01-16T22:54:28Z
user1,tr002,Please Please Please,Sabrina Carpenter,Short n Sweet,186614,Pop,2024-01-17T21:04:32Z
user3,tr029,Ghost,Justin Bieber,Justice,153496,Pop,2024-01-19T17:58:45Z
user2,tr012,Lose Control,Teddy Swims,I ve Tried Everything,203000,R&B,2024-01-19T20:23:44Z
user2,tr029,Ghost,Justin Bieber,Justice,153496,Pop,2024-01-19T23:25:50Z
user3,tr018,Cruel Summer,Taylor Swift,Lover,178427,Pop,2024-01-20T09:25:09Z
user3,tr021,Vampire,Olivia Rodrigo,GUTS,218000,Pop Rock,2024-01-20T14:40:16Z
user1,tr013,Too Sweet,Hozier,Too Sweet,298000,Indie Folk,2024-01-20T21:14:12Z
user1,tr019,Shake It Off,Taylor Swift,1989,219200,Pop,2024-01-21T18:26:42Z
user1,tr028,Unholy,Sam Smith,Gloria,156943,Pop,2024-01-21T20:15:12Z
user1,tr026,Heat Waves,Glass Animals,Dreamland,238805,Indie Pop,2024-01-21T21:13:43Z
user1,tr002,Please Please Please,Sabrina Carpenter,Short n Sweet,186614,Pop,2024-01-21T21:47:20Z
user3,tr010,TEXAS HOLD EM,Beyonce,Cowboy Carter,237000,Country Pop,2024-01-21T22:50:25Z
user2,tr005,Birds Of A Feather,Billie Eilish,HIT ME HARD AND SOFT,210000,Indie Pop,2024-01-22T12:45:05Z
user2,tr026,Heat Waves,Glass Animals,Dreamland,238805,Indie Pop,2024-01-22T13:19:32Z
user1,tr028,Unholy,Sam Smith,Gloria,156943,Pop,2024-01-22T16:51:36Z
user2,tr026,Heat Waves,Glass Animals,Dreamland,238805,Indie Pop,2024-01-22T20:28:34Z
user2,tr002,Please Please Please,Sabrina Carpenter,Short n Sweet,186614,Pop,2024-01-23T15:14:34Z
user2,tr020,Anti-Hero,Taylor Swift,Midnights,200698,Pop,2024-01-23T17:41:43Z
user1,tr019,Shake It Off,Taylor Swift,1989,219200,Pop,2024-01-23T19:34:07Z
user3,tr016,One Of The Girls,The Weeknd,One Of The Girls,218000,R&B,2024-01-23T21:00:15Z
user2,tr024,As It Was,Harry Styles,Harry's House,167303,Indie Pop,2024-01-24T07:50:53Z
user3,tr010,TEXAS HOLD EM,Beyonce,Cowboy Carter,237000,Country Pop,2024-01-26T07:11:55Z
user3,tr008,Harlequin,Lady Gaga,Harlequin,162000,Pop,2024-01-26T15:35:53Z
user3,tr013,Too Sweet,Hozier,Too Sweet,298000,Indie Folk,2024-01-26T19:16:52Z
user1,tr025,Watermelon Sugar,Harry Styles,Fine Line,174000,Indie Pop,2024-01-26T22:47:31Z
user1,tr027,Levitating,Dua Lipa,Future Nostalgia,203064,Dance Pop,2024-01-27T07:27:53Z
user1,tr002,Please Please Please,Sabrina Carpenter,Short n Sweet,186614,Pop,2024-01-27T09:48:39Z
user2,tr017,Blinding Lights,The Weeknd,After Hours,200000,Synth-Pop,2024-01-27T18:10:33Z
user2,tr030,Peaches,Justin Bieber,Justice,197913,R&B,2024-01-28T07:14:53Z
user3,tr004,Die With A Smile,Lady Gaga,Die With A Smile,251333,Pop,2024-01-28T09:16:35Z
user3,tr016,One Of The Girls,The Weeknd,One Of The Girls,218000,R&B,2024-01-28T14:27:05Z
user1,tr008,Harlequin,Lady Gaga,Harlequin,162000,Pop,2024-01-28T17:44:08Z
user3,tr017,Blinding Lights,The Weeknd,After Hours,200000,Synth-Pop,2024-01-28T21:59:35Z
user2,tr007,Beautiful Things,Benson Boone,Beautiful Things,197000,Pop Rock,2024-01-29T08:18:14Z
user3,tr003,APT.,ROSÉ,rosie,170000,K-Pop,2024-01-29T10:48:50Z
user1,tr011,Not Like Us,Kendrick Lamar,Not Like Us,274000,Hip-Hop,2024-01-29T11:02:51Z
user3,tr002,Please Please Please,Sabrina Carpenter,Short n Sweet,186614,Pop,2024-01-29T11:14:01Z
user1,tr001,Espresso,Sabrina Carpenter,Short n Sweet,175459,Pop,2024-01-29T12:23:27Z
user3,tr027,Levitating,Dua Lipa,Future Nostalgia,203064,Dance Pop,2024-01-29T17:10:04Z
user3,tr028,Unholy,Sam Smith,Gloria,156943,Pop,2024-01-29T20:14:36Z
user2,tr015,STARGAZING,Myles Smith,STARGAZING,205000,Indie Pop,2024-01-29T21:33:09Z
user2,tr030,Peaches,Justin Bieber,Justice,197913,R&B,2024-01-30T06:40:25Z
user3,tr025,Watermelon Sugar,Harry Styles,Fine Line,174000,Indie Pop,2024-01-30T11:29:03Z
user2,tr009,Columbia,Quavo,Rocket Power,156000,Hip-Hop,2024-01-31T21:05:41Z
user2,tr014,Lunch,Billie Eilish,HIT ME HARD AND SOFT,187000,Indie Pop,2024-02-01T19:33:13Z
user2,tr011,Not Like Us,Kendrick Lamar,Not Like Us,274000,Hip-Hop,2024-02-02T17:03:59Z
user2,tr024,As It Was,Harry Styles,Harry's House,167303,Indie Pop,2024-02-02T18:51:55Z
user3,tr011,Not Like Us,Kendrick Lamar,Not Like Us,274000,Hip-Hop,2024-02-04T07:35:25Z
user2,tr013,Too Sweet,Hozier,Too Sweet,298000,Indie Folk,2024-02-04T12:51:45Z
user1,tr004,Die With A Smile,Lady Gaga,Die With A Smile,251333,Pop,2024-02-04T16:40:19Z
user1,tr025,Watermelon Sugar,Harry Styles,Fine Line,174000,Indie Pop,2024-02-05T18:43:55Z
user1,tr012,Lose Control,Teddy Swims,I ve Tried Everything,203000,R&B,2024-02-05T21:23:18Z
user1,tr018,Cruel Summer,Taylor Swift,Lover,178427,Pop,2024-02-05T21:35:13Z
user1,tr011,Not Like Us,Kendrick Lamar,Not Like Us,274000,Hip-Hop,2024-02-05T22:17:22Z
user1,tr006,"Good Luck, Babe!",Chappell Roan,"Good Luck, Babe!",218000,Pop,2024-02-06T19:03:14Z
user3,tr015,STARGAZING,Myles Smith,STARGAZING,205000,Indie Pop,2024-02-07T01:04:00Z
user2,tr002,Please Please Please,Sabrina Carpenter,Short n Sweet,186614,Pop,2024-02-07T10:48:37Z
user3,tr027,Levitating,Dua Lipa,Future Nostalgia,203064,Dance Pop,2024-02-07T14:42:25Z
user3,tr007,Beautiful Things,Benson Boone,Beautiful Things,197000,Pop Rock,2024-02-07T20:02:18Z
user3,tr017,Blinding Lights,The Weeknd,After Hours,200000,Synth-Pop,2024-02-07T20:20:33Z
user3,tr018,Cruel Summer,Taylor Swift,Lover,178427,Pop,2024-02-08T02:04:12Z
user2,tr011,Not Like Us,Kendrick Lamar,Not Like Us,274000,Hip-Hop,2024-02-08T18:56:49Z
user2,tr002,Please Please Please,Sabrina Carpenter,Short n Sweet,186614,Pop,2024-02-08T19:17:57Z
user2,tr027,Levitating,Dua Lipa,Future Nostalgia,203064,Dance Pop,2024-02-08T22:42:03Z
user3,tr018,Cruel Summer,Taylor Swift,Lover,178427,Pop,2024-02-09T17:24:58Z
user2,tr013,Too Sweet,Hozier,Too Sweet,298000,Indie Folk,2024-02-09T18:33:23Z
user1,tr026,Heat Waves,Glass Animals,Dreamland,238805,Indie Pop,2024-02-11T08:14:24Z
user1,tr001,Espresso,Sabrina Carpenter,Short n Sweet,175459,Pop,2024-02-11T12:42:27Z
user1,tr007,Beautiful Things,Benson Boone,Beautiful Things,197000,Pop Rock,2024-02-11T16:47:34Z
user2,tr011,Not Like Us,Kendrick Lamar,Not Like Us,274000,Hip-Hop,2024-02-11T19:42:55Z
user2,tr004,Die With A Smile,Lady Gaga,Die With A Smile,251333,Pop,2024-02-12T20:17:28Z
user1,tr002,Please Please Please,Sabrina Carpenter,Short n Sweet,186614,Pop,2024-02-13T07:06:47Z
user2,tr029,Ghost,Justin Bieber,Justice,153496,Pop,2024-02-13T08:46:09Z
user3,tr015,STARGAZING,Myles Smith,STARGAZING,205000,Indie Pop,2024-02-13T18:32:08Z
user3,tr020,Anti-Hero,Taylor Swift,Midnights,200698,Pop,2024-02-13T19:51:34Z
user1,tr028,Unholy,Sam Smith,Gloria,156943,Pop,2024-02-13T19:52:04Z
user2,tr003,APT.,ROSÉ,rosie,170000,K-Pop,2024-02-14T10:28:35Z
user3,tr010,TEXAS HOLD EM,Beyonce,Cowboy Carter,237000,Country Pop,2024-02-14T12:59:28Z
user2,tr008,Harlequin,Lady Gaga,Harlequin,162000,Pop,2024-02-14T16:07:49Z
user3,tr026,Heat Waves,Glass Animals,Dreamland,238805,Indie Pop,2024-02-16T09:43:19Z
user3,tr006,"Good Luck, Babe!",Chappell Roan,"Good Luck, Babe!",218000,Pop,2024-02-16T20:04:46Z
user3,tr001,Espresso,Sabrina Carpenter,Short n Sweet,175459,Pop,2024-02-16T20:39:40Z
user1,tr017,Blinding Lights,The Weeknd,After Hours,200000,Synth-Pop,2024-02-16T20:55:07Z
user1,tr018,Cruel Summer,Taylor Swift,Lover,178427,Pop,2024-02-17T11:53:58Z
user3,tr029,Ghost,Justin Bieber,Justice,153496,Pop,2024-02-17T13:39:57Z
user1,tr027,Levitating,Dua Lipa,Future Nostalgia,203064,Dance Pop,2024-02-17T18:27:32Z
user2,tr028,Unholy,Sam Smith,Gloria,156943,Pop,2024-02-17T19:16:05Z
user2,tr001,Espresso,Sabrina Carpenter,Short n Sweet,175459,Pop,2024-02-17T19:29:40Z
user1,tr025,Watermelon Sugar,Harry Styles,Fine Line,174000,Indie Pop,2024-02-17T22:54:15Z
user2,tr003,APT.,ROSÉ,rosie,170000,K-Pop,2024-02-18T00:30:04Z
user1,tr014,Lunch,Billie Eilish,HIT ME HARD AND SOFT,187000,Indie Pop,2024-02-18T13:20:42Z
user1,tr014,Lunch,Billie Eilish,HIT ME HARD AND SOFT,187000,Indie Pop,2024-02-20T20:45:55Z
user1,tr006,"Good Luck, Babe!",Chappell Roan,"Good Luck, Babe!",218000,Pop,2024-02-21T14:29:40Z
user2,tr008,Harlequin,Lady Gaga,Harlequin,162000,Pop,2024-02-21T15:45:30Z
user1,tr025,Watermelon Sugar,Harry Styles,Fine Line,174000,Indie Pop,2024-02-21T17:29:00Z
user2,tr003,APT.,ROSÉ,rosie,170000,K-Pop,2024-02-21T17:34:53Z
user3,tr014,Lunch,Billie Eilish,HIT ME HARD AND SOFT,187000,Indie Pop,2024-02-21T19:17:39Z
user1,tr008,Harlequin,Lady Gaga,Harlequin,162000,Pop,2024-02-21T21:18:14Z
user3,tr017,Blinding Lights,The Weeknd,After Hours,200000,Synth-Pop,2024-02-21T22:36:49Z
user3,tr013,Too Sweet,Hozier,Too Sweet,298000,Indie Folk,2024-02-22T00:42:53Z
user2,tr023,Flowers,Miley Cyrus,Endless Summer Vacation,200455,Pop,2024-02-22T07:23:56Z
user1,tr007,Beautiful Things,Benson Boone,Beautiful Things,197000,Pop Rock,2024-02-22T14:35:56Z
user1,tr020,Anti-Hero,Taylor Swift,Midnights,200698,Pop,2024-02-22T19:19:54Z
user2,tr011,Not Like Us,Kendrick Lamar,Not Like Us,274000,Hip-Hop,2024-02-22T19:33:54Z
user1,tr004,Die With A Smile,Lady Gaga,Die With A Smile,251333,Pop,2024-02-22T19:57:34Z
user3,tr014,Lunch,Billie Eilish,HIT ME HARD AND SOFT,187000,Indie Pop,2024-02-23T10:53:44Z
user3,tr025,Watermelon Sugar,Harry Styles,Fine Line,174000,Indie Pop,2024-02-23T15:38:38Z
user1,tr027,Levitating,Dua Lipa,Future Nostalgia,203064,Dance Pop,2024-02-23T22:08:16Z
user1,tr003,APT.,ROSÉ,rosie,170000,K-Pop,2024-02-24T20:09:17Z
user1,tr023,Flowers,Miley Cyrus,Endless Summer Vacation,200455,Pop,2024-02-24T20:14:11Z
user1,tr017,Blinding Lights,The Weeknd,After Hours,200000,Synth-Pop,2024-02-24T21:19:53Z
user2,tr017,Blinding Lights,The Weeknd,After Hours,200000,Synth-Pop,2024-02-24T22:21:18Z
user3,tr015,STARGAZING,Myles Smith,STARGAZING,205000,Indie Pop,2024-02-25T09:38:05Z
user3,tr010,TEXAS HOLD EM,Beyonce,Cowboy Carter,237000,Country Pop,2024-02-25T16:21:17Z
user2,tr009,Columbia,Quavo,Rocket Power,156000,Hip-Hop,2024-02-25T18:37:15Z
user3,tr012,Lose Control,Teddy Swims,I ve Tried Everything,203000,R&B,2024-02-25T19:03:24Z
user1,tr028,Unholy,Sam Smith,Gloria,156943,Pop,2024-02-25T19:30:01Z
user3,tr004,Die With A Smile,Lady Gaga,Die With A Smile,251333,Pop,2024-02-26T21:42:31Z
user2,tr028,Unholy,Sam Smith,Gloria,156943,Pop,2024-02-27T03:42:26Z
user1,tr016,One Of The Girls,The Weeknd,One Of The Girls,218000,R&B,2024-02-27T22:56:53Z
user1,tr014,Lunch,Billie Eilish,HIT ME HARD AND SOFT,187000,Indie Pop,2024-02-28T15:20:10Z
user3,tr024,As It Was,Harry Styles,Harry's House,167303,Indie Pop,2024-02-28T15:34:46Z
user1,tr025,Watermelon Sugar,Harry Styles,Fine Line,174000,Indie Pop,2024-02-28T16:04:09Z
user1,tr017,Blinding Lights,The Weeknd,After Hours,200000,Synth-Pop,2024-02-28T17:12:57Z
user1,tr014,Lunch,Billie Eilish,HIT ME HARD AND SOFT,187000,Indie Pop,2024-02-28T20:30:28Z
user3,tr014,Lunch,Billie Eilish,HIT ME HARD AND SOFT,187000,Indie Pop,2024-02-29T07:48:56Z
user3,tr015,STARGAZING,Myles Smith,STARGAZING,205000,Indie Pop,2024-02-29T13:25:30Z
user3,tr011,Not Like Us,Kendrick Lamar,Not Like Us,274000,Hip-Hop,2024-02-29T20:35:30Z
user3,tr015,STARGAZING,Myles Smith,STARGAZING,205000,Indie Pop,2024-03-01T16:55:40Z
user1,tr003,APT.,ROSÉ,rosie,170000,K-Pop,2024-03-01T19:09:31Z
user3,tr018,Cruel Summer,Taylor Swift,Lover,178427,Pop,2024-03-01T19:26:51Z
user2,tr029,Ghost,Justin Bieber,Justice,153496,Pop,2024-03-01T20:48:30Z
user3,tr015,STARGAZING,Myles Smith,STARGAZING,205000,Indie Pop,2024-03-01T23:47:41Z
user1,tr021,Vampire,Olivia Rodrigo,GUTS,218000,Pop Rock,2024-03-02T20:36:50Z
user1,tr006,"Good Luck, Babe!",Chappell Roan,"Good Luck, Babe!",218000,Pop,2024-03-02T22:36:15Z
user1,tr007,Beautiful Things,Benson Boone,Beautiful Things,197000,Pop Rock,2024-03-03T16:51:29Z
user1,tr005,Birds Of A Feather,Billie Eilish,HIT ME HARD AND SOFT,210000,Indie Pop,2024-03-03T22:52:29Z
user2,tr015,STARGAZING,Myles Smith,STARGAZING,205000,Indie Pop,2024-03-03T23:50:08Z
user3,tr015,STARGAZING,Myles Smith,STARGAZING,205000,Indie Pop,2024-03-04T17:30:44Z
user2,tr013,Too Sweet,Hozier,Too Sweet,298000,Indie Folk,2024-03-04T22:10:28Z
user3,tr025,Watermelon Sugar,Harry Styles,Fine Line,174000,Indie Pop,2024-03-05T04:05:43Z
user3,tr004,Die With A Smile,Lady Gaga,Die With A Smile,251333,Pop,2024-03-06T20:46:51Z
user2,tr016,One Of The Girls,The Weeknd,One Of The Girls,218000,R&B,2024-03-06T21:49:35Z
user2,tr019,Shake It Off,Taylor Swift,1989,219200,Pop,2024-03-06T23:25:23Z
user1,tr025,Watermelon Sugar,Harry Styles,Fine Line,174000,Indie Pop,2024-03-06T23:34:01Z
user3,tr014,Lunch,Billie Eilish,HIT ME HARD AND SOFT,187000,Indie Pop,2024-03-07T11:16:54Z
user1,tr022,bad idea right?,Olivia Rodrigo,GUTS,175000,Pop Rock,2024-03-07T17:37:35Z
user2,tr024,As It Was,Harry Styles,Harry's House,167303,Indie Pop,2024-03-08T18:09:10Z
user2,tr024,As It Was,Harry Styles,Harry's House,167303,Indie Pop,2024-03-09T04:34:21Z
user3,tr015,STARGAZING,Myles Smith,STARGAZING,205000,Indie Pop,2024-03-09T08:38:44Z
user3,tr027,Levitating,Dua Lipa,Future Nostalgia,203064,Dance Pop,2024-03-09T16:32:05Z
user1,tr020,Anti-Hero,Taylor Swift,Midnights,200698,Pop,2024-03-10T21:11:03Z
user2,tr003,APT.,ROSÉ,rosie,170000,K-Pop,2024-03-11T00:35:59Z
user3,tr018,Cruel Summer,Taylor Swift,Lover,178427,Pop,2024-03-11T15:57:06Z
user3,tr002,Please Please Please,Sabrina Carpenter,Short n Sweet,186614,Pop,2024-03-11T19:10:21Z
user2,tr002,Please Please Please,Sabrina Carpenter,Short n Sweet,186614,Pop,2024-03-11T19:51:30Z
user1,tr028,Unholy,Sam Smith,Gloria,156943,Pop,2024-03-11T20:18:20Z
user3,tr025,Watermelon Sugar,Harry Styles,Fine Line,174000,Indie Pop,2024-03-12T08:03:53Z
user2,tr010,TEXAS HOLD EM,Beyonce,Cowboy Carter,237000,Country Pop,2024-03-12T11:41:05Z
user3,tr026,Heat Waves,Glass Animals,Dreamland,238805,Indie Pop,2024-03-12T21:12:16Z
user3,tr027,Levitating,Dua Lipa,Future Nostalgia,203064,Dance Pop,2024-03-13T08:00:36Z
user3,tr026,Heat Waves,Glass Animals,Dreamland,238805,Indie Pop,2024-03-13T09:14:39Z
user3,tr029,Ghost,Justin Bieber,Justice,153496,Pop,2024-03-13T13:04:15Z
user3,tr029,Ghost,Justin Bieber,Justice,153496,Pop,2024-03-13T19:05:02Z
user3,tr021,Vampire,Olivia Rodrigo,GUTS,218000,Pop Rock,2024-03-13T20:54:33Z
user1,tr019,Shake It Off,Taylor Swift,1989,219200,Pop,2024-03-13T22:19:41Z
user2,tr017,Blinding Lights,The Weeknd,After Hours,200000,Synth-Pop,2024-03-14T12:00:39Z
user1,tr005,Birds Of A Feather,Billie Eilish,HIT ME HARD AND SOFT,210000,Indie Pop,2024-03-14T18:25:04Z
user2,tr027,Levitating,Dua Lipa,Future Nostalgia,203064,Dance Pop,2024-03-14T20:58:03Z
user3,tr027,Levitating,Dua Lipa,Future Nostalgia,203064,Dance Pop,2024-03-15T19:30:22Z
user3,tr026,Heat Waves,Glass Animals,Dreamland,238805,Indie Pop,2024-03-16T07:15:22Z
user2,tr029,Ghost,Justin Bieber,Justice,153496,Pop,2024-03-16T21:05:58Z
user2,tr016,One Of The Girls,The Weeknd,One Of The Girls,218000,R&B,2024-03-17T18:32:08Z
user2,tr003,APT.,ROSÉ,rosie,170000,K-Pop,2024-03-18T00:32:29Z
user3,tr003,APT.,ROSÉ,rosie,170000,K-Pop,2024-03-18T08:12:21Z
user1,tr024,As It Was,Harry Styles,Harry's House,167303,Indie Pop,2024-03-18T17:02:08Z
user2,tr007,Beautiful Things,Benson Boone,Beautiful Things,197000,Pop Rock,2024-03-18T22:39:43Z
user2,tr012,Lose Control,Teddy Swims,I ve Tried Everything,203000,R&B,2024-03-19T10:14:24Z
user2,tr003,APT.,ROSÉ,rosie,170000,K-Pop,2024-03-19T14:50:40Z
user2,tr002,Please Please Please,Sabrina Carpenter,Short n Sweet,186614,Pop,2024-03-19T19:23:23Z
user1,tr007,Beautiful Things,Benson Boone,Beautiful Things,197000,Pop Rock,2024-03-19T19:30:04Z
user1,tr005,Birds Of A Feather,Billie Eilish,HIT ME HARD AND SOFT,210000,Indie Pop,2024-03-19T20:41:04Z
user3,tr028,Unholy,Sam Smith,Gloria,156943,Pop,2024-03-20T17:25:37Z
user1,tr017,Blinding Lights,The Weeknd,After Hours,200000,Synth-Pop,2024-03-20T19:14:54Z
user3,tr001,Espresso,Sabrina Carpenter,Short n Sweet,175459,Pop,2024-03-21T17:30:54Z
user3,tr006,"Good Luck, Babe!",Chappell Roan,"Good Luck, Babe!",218000,Pop,2024-03-22T09:36:42Z
user1,tr018,Cruel Summer,Taylor Swift,Lover,178427,Pop,2024-03-22T14:58:18Z
user1,tr004,Die With A Smile,Lady Gaga,Die With A Smile,251333,Pop,2024-03-22T20:27:38Z
user1,tr015,STARGAZING,Myles Smith,STARGAZING,205000,Indie Pop,2024-03-22T20:30:28Z
user2,tr030,Peaches,Justin Bieber,Justice,197913,R&B,2024-03-22T20:59:36Z
user2,tr009,Columbia,Quavo,Rocket Power,156000,Hip-Hop,2024-03-23T13:45:14Z
user3,tr010,TEXAS HOLD EM,Beyonce,Cowboy Carter,237000,Country Pop,2024-03-23T18:16:00Z
user1,tr030,Peaches,Justin Bieber,Justice,197913,R&B,2024-03-23T20:35:45Z
user2,tr012,Lose Control,Teddy Swims,I ve Tried Everything,203000,R&B,2024-03-23T20:51:38Z
user1,tr025,Watermelon Sugar,Harry Styles,Fine Line,174000,Indie Pop,2024-03-24T14:13:42Z
user2,tr004,Die With A Smile,Lady Gaga,Die With A Smile,251333,Pop,2024-03-24T19:41:16Z
user1,tr022,bad idea right?,Olivia Rodrigo,GUTS,175000,Pop Rock,2024-03-24T22:06:37Z
user1,tr006,"Good Luck, Babe!",Chappell Roan,"Good Luck, Babe!",218000,Pop,2024-03-24T23:51:11Z
user3,tr016,One Of The Girls,The Weeknd,One Of The Girls,218000,R&B,2024-03-25T06:31:20Z
user2,tr016,One Of The Girls,The Weeknd,One Of The Girls,218000,R&B,2024-03-25T13:33:28Z
user1,tr026,Heat Waves,Glass Animals,Dreamland,238805,Indie Pop,2024-03-25T14:24:16Z
user3,tr004,Die With A Smile,Lady Gaga,Die With A Smile,251333,Pop,2024-03-25T16:52:45Z
user3,tr023,Flowers,Miley Cyrus,Endless Summer Vacation,200455,Pop,2024-03-25T22:58:51Z
user1,tr002,Please Please Please,Sabrina Carpenter,Short n Sweet,186614,Pop,2024-03-26T19:57:01Z
user1,tr017,Blinding Lights,The Weeknd,After Hours,200000,Synth-Pop,2024-03-27T19:18:32Z
user2,tr014,Lunch,Billie Eilish,HIT ME HARD AND SOFT,187000,Indie Pop,2024-03-27T19:22:10Z
user2,tr016,One Of The Girls,The Weeknd,One Of The Girls,218000,R&B,2024-03-27T20:36:47Z
user2,tr003,APT.,ROSÉ,rosie,170000,K-Pop,2024-03-29T21:28:05Z
user1,tr005,Birds Of A Feather,Billie Eilish,HIT ME HARD AND SOFT,210000,Indie Pop,2024-03-30T06:55:24Z
user1,tr018,Cruel Summer,Taylor Swift,Lover,178427,Pop,2024-03-30T07:55:01Z
user1,tr011,Not Like Us,Kendrick Lamar,Not Like Us,274000,Hip-Hop,2024-03-30T12:08:47Z
user3,tr017,Blinding Lights,The Weeknd,After Hours,200000,Synth-Pop,2024-03-30T14:24:23Z
user2,tr002,Please Please Please,Sabrina Carpenter,Short n Sweet,186614,Pop,2024-03-30T15:53:11Z
user2,tr026,Heat Waves,Glass Animals,Dreamland,238805,Indie Pop,2024-03-30T21:43:29Z
user3,tr019,Shake It Off,Taylor Swift,1989,219200,Pop,2024-03-31T13:03:00Z
user3,tr028,Unholy,Sam Smith,Gloria,156943,Pop,2024-03-31T19:11:46Z
user2,tr021,Vampire,Olivia Rodrigo,GUTS,218000,Pop Rock,2024-04-01T07:06:33Z
user3,tr030,Peaches,Justin Bieber,Justice,197913,R&B,2024-04-01T17:44:40Z
user3,tr011,Not Like Us,Kendrick Lamar,Not Like Us,274000,Hip-Hop,2024-04-02T20:31:21Z
user2,tr020,Anti-Hero,Taylor Swift,Midnights,200698,Pop,2024-04-03T20:08:27Z
user3,tr017,Blinding Lights,The Weeknd,After Hours,200000,Synth-Pop,2024-04-03T22:57:21Z
user2,tr012,Lose Control,Teddy Swims,I ve Tried Everything,203000,R&B,2024-04-04T10:42:27Z
user3,tr008,Harlequin,Lady Gaga,Harlequin,162000,Pop,2024-04-04T17:50:32Z
user2,tr021,Vampire,Olivia Rodrigo,GUTS,218000,Pop Rock,2024-04-04T23:30:20Z
user3,tr008,Harlequin,Lady Gaga,Harlequin,162000,Pop,2024-04-05T12:28:56Z
user2,tr011,Not Like Us,Kendrick Lamar,Not Like Us,274000,Hip-Hop,2024-04-05T17:31:23Z
user3,tr019,Shake It Off,Taylor Swift,1989,219200,Pop,2024-04-06T08:48:15Z
user1,tr001,Espresso,Sabrina Carpenter,Short n Sweet,175459,Pop,2024-04-07T07:46:26Z
user3,tr008,Harlequin,Lady Gaga,Harlequin,162000,Pop,2024-04-07T15:35:46Z
user2,tr023,Flowers,Miley Cyrus,Endless Summer Vacation,200455,Pop,2024-04-07T20:31:32Z
user2,tr017,Blinding Lights,The Weeknd,After Hours,200000,Synth-Pop,2024-04-08T09:54:40Z
user1,tr006,"Good Luck, Babe!",Chappell Roan,"Good Luck, Babe!",218000,Pop,2024-04-08T13:47:34Z
user2,tr005,Birds Of A Feather,Billie Eilish,HIT ME HARD AND SOFT,210000,Indie Pop,2024-04-08T18:16:52Z
user2,tr018,Cruel Summer,Taylor Swift,Lover,178427,Pop,2024-04-08T22:17:35Z
user3,tr026,Heat Waves,Glass Animals,Dreamland,238805,Indie Pop,2024-04-09T08:42:51Z
user3,tr019,Shake It Off,Taylor Swift,1989,219200,Pop,2024-04-09T13:28:21Z
user2,tr025,Watermelon Sugar,Harry Styles,Fine Line,174000,Indie Pop,2024-04-09T14:36:28Z
user2,tr014,Lunch,Billie Eilish,HIT ME HARD AND SOFT,187000,Indie Pop,2024-04-09T20:35:32Z
user3,tr023,Flowers,Miley Cyrus,Endless Summer Vacation,200455,Pop,2024-04-10T20:12:18Z
user1,tr014,Lunch,Billie Eilish,HIT ME HARD AND SOFT,187000,Indie Pop,2024-04-11T06:44:53Z
user1,tr020,Anti-Hero,Taylor Swift,Midnights,200698,Pop,2024-04-11T15:34:14Z
user3,tr004,Die With A Smile,Lady Gaga,Die With A Smile,251333,Pop,2024-04-11T18:49:16Z
user3,tr009,Columbia,Quavo,Rocket Power,156000,Hip-Hop,2024-04-11T19:31:21Z
user2,tr029,Ghost,Justin Bieber,Justice,153496,Pop,2024-04-12T16:11:25Z
user2,tr014,Lunch,Billie Eilish,HIT ME HARD AND SOFT,187000,Indie Pop,2024-04-12T20:18:20Z
user3,tr025,Watermelon Sugar,Harry Styles,Fine Line,174000,Indie Pop,2024-04-13T14:26:18Z
user2,tr008,Harlequin,Lady Gaga,Harlequin,162000,Pop,2024-04-14T13:05:59Z
user3,tr004,Die With A Smile,Lady Gaga,Die With A Smile,251333,Pop,2024-04-15T09:18:05Z
user2,tr028,Unholy,Sam Smith,Gloria,156943,Pop,2024-04-15T17:32:12Z
user2,tr004,Die With A Smile,Lady Gaga,Die With A Smile,251333,Pop,2024-04-15T19:31:05Z
user2,tr019,Shake It Off,Taylor Swift,1989,219200,Pop,2024-04-15T20:51:03Z
user3,tr030,Peaches,Justin Bieber,Justice,197913,R&B,2024-04-16T16:29:16Z
user2,tr010,TEXAS HOLD EM,Beyonce,Cowboy Carter,237000,Country Pop,2024-04-16T18:48:52Z
user1,tr010,TEXAS HOLD EM,Beyonce,Cowboy Carter,237000,Country Pop,2024-04-17T15:37:38Z
user3,tr008,Harlequin,Lady Gaga,Harlequin,162000,Pop,2024-04-17T18:18:43Z
user1,tr008,Harlequin,Lady Gaga,Harlequin,162000,Pop,2024-04-17T19:13:43Z
user3,tr015,STARGAZING,Myles Smith,STARGAZING,205000,Indie Pop,2024-04-17T20:10:36Z
user2,tr026,Heat Waves,Glass Animals,Dreamland,238805,Indie Pop,2024-04-17T20:37:44Z
user3,tr019,Shake It Off,Taylor Swift,1989,219200,Pop,2024-04-18T08:10:23Z
user1,tr006,"Good Luck, Babe!",Chappell Roan,"Good Luck, Babe!",218000,Pop,2024-04-18T12:05:10Z
user1,tr002,Please Please Please,Sabrina Carpenter,Short n Sweet,186614,Pop,2024-04-18T18:38:01Z
user1,tr019,Shake It Off,Taylor Swift,1989,219200,Pop,2024-04-18T22:48:46Z
user1,tr002,Please Please Please,Sabrina Carpenter,Short n Sweet,186614,Pop,2024-04-19T17:08:59Z
user3,tr008,Harlequin,Lady Gaga,Harlequin,162000,Pop,2024-04-19T19:21:23Z
user3,tr024,As It Was,Harry Styles,Harry's House,167303,Indie Pop,2024-04-19T21:41:14Z
user2,tr013,Too Sweet,Hozier,Too Sweet,298000,Indie Folk,2024-04-21T07:06:08Z
user2,tr026,Heat Waves,Glass Animals,Dreamland,238805,Indie Pop,2024-04-21T18:02:27Z
user1,tr005,Birds Of A Feather,Billie Eilish,HIT ME HARD AND SOFT,210000,Indie Pop,2024-04-21T22:37:47Z
user2,tr026,Heat Waves,Glass Animals,Dreamland,238805,Indie Pop,2024-04-22T12:17:14Z
user1,tr024,As It Was,Harry Styles,Harry's House,167303,Indie Pop,2024-04-22T18:39:16Z
user3,tr024,As It Was,Harry Styles,Harry's House,167303,Indie Pop,2024-04-23T08:52:25Z
user1,tr023,Flowers,Miley Cyrus,Endless Summer Vacation,200455,Pop,2024-04-23T13:10:04Z
user3,tr019,Shake It Off,Taylor Swift,1989,219200,Pop,2024-04-23T14:47:55Z
user3,tr011,Not Like Us,Kendrick Lamar,Not Like Us,274000,Hip-Hop,2024-04-23T19:41:27Z
user1,tr025,Watermelon Sugar,Harry Styles,Fine Line,174000,Indie Pop,2024-04-24T02:12:25Z
user3,tr023,Flowers,Miley Cyrus,Endless Summer Vacation,200455,Pop,2024-04-24T20:35:24Z
user3,tr012,Lose Control,Teddy Swims,I ve Tried Everything,203000,R&B,2024-04-24T21:37:46Z
user2,tr005,Birds Of A Feather,Billie Eilish,HIT ME HARD AND SOFT,210000,Indie Pop,2024-04-25T17:28:00Z
user1,tr023,Flowers,Miley Cyrus,Endless Summer Vacation,200455,Pop,2024-04-25T21:46:43Z
user3,tr013,Too Sweet,Hozier,Too Sweet,298000,Indie Folk,2024-04-26T11:08:13Z
user1,tr015,STARGAZING,Myles Smith,STARGAZING,205000,Indie Pop,2024-04-26T15:52:29Z
user1,tr001,Espresso,Sabrina Carpenter,Short n Sweet,175459,Pop,2024-04-26T20:05:54Z
user3,tr004,Die With A Smile,Lady Gaga,Die With A Smile,251333,Pop,2024-04-26T22:26:24Z
user1,tr019,Shake It Off,Taylor Swift,1989,219200,Pop,2024-04-29T13:09:50Z
user2,tr025,Watermelon Sugar,Harry Styles,Fine Line,174000,Indie Pop,2024-04-29T17:19:51Z
user1,tr024,As It Was,Harry Styles,Harry's House,167303,Indie Pop,2024-04-30T07:16:12Z
user1,tr015,STARGAZING,Myles Smith,STARGAZING,205000,Indie Pop,2024-04-30T21:06:43Z
user3,tr007,Beautiful Things,Benson Boone,Beautiful Things,197000,Pop Rock,2024-05-01T18:51:47Z
user3,tr021,Vampire,Olivia Rodrigo,GUTS,218000,Pop Rock,2024-05-02T05:05:59Z
user1,tr024,As It Was,Harry Styles,Harry's House,167303,Indie Pop,2024-05-02T05:56:36Z
user2,tr026,Heat Waves,Glass Animals,Dreamland,238805,Indie Pop,2024-05-02T16:07:15Z
user2,tr015,STARGAZING,Myles Smith,STARGAZING,205000,Indie Pop,2024-05-03T11:22:03Z
user3,tr009,Columbia,Quavo,Rocket Power,156000,Hip-Hop,2024-05-03T12:52:50Z
user1,tr020,Anti-Hero,Taylor Swift,Midnights,200698,Pop,2024-05-03T17:37:09Z
user1,tr016,One Of The Girls,The Weeknd,One Of The Girls,218000,R&B,2024-05-03T19:41:45Z
user2,tr026,Heat Waves,Glass Animals,Dreamland,238805,Indie Pop,2024-05-04T03:44:07Z
user2,tr030,Peaches,Justin Bieber,Justice,197913,R&B,2024-05-04T13:17:52Z
user2,tr006,"Good Luck, Babe!",Chappell Roan,"Good Luck, Babe!",218000,Pop,2024-05-04T17:35:10Z
user1,tr005,Birds Of A Feather,Billie Eilish,HIT ME HARD AND SOFT,210000,Indie Pop,2024-05-05T09:24:17Z
user2,tr017,Blinding Lights,The Weeknd,After Hours,200000,Synth-Pop,2024-05-05T17:41:43Z
user1,tr001,Espresso,Sabrina Carpenter,Short n Sweet,175459,Pop,2024-05-05T23:39:54Z
user2,tr008,Harlequin,Lady Gaga,Harlequin,162000,Pop,2024-05-06T19:31:38Z
user2,tr022,bad idea right?,Olivia Rodrigo,GUTS,175000,Pop Rock,2024-05-06T20:43:25Z
user1,tr007,Beautiful Things,Benson Boone,Beautiful Things,197000,Pop Rock,2024-05-06T21:17:49Z
user3,tr028,Unholy,Sam Smith,Gloria,156943,Pop,2024-05-07T12:21:18Z
user2,tr004,Die With A Smile,Lady Gaga,Die With A Smile,251333,Pop,2024-05-07T19:22:10Z
user1,tr008,Harlequin,Lady Gaga,Harlequin,162000,Pop,2024-05-07T21:04:28Z
user2,tr005,Birds Of A Feather,Billie Eilish,HIT ME HARD AND SOFT,210000,Indie Pop,2024-05-08T05:30:55Z
user3,tr022,bad idea right?,Olivia Rodrigo,GUTS,175000,Pop Rock,2024-05-11T18:29:18Z
user3,tr016,One Of The Girls,The Weeknd,One Of The Girls,218000,R&B,2024-05-12T09:08:47Z
user2,tr001,Espresso,Sabrina Carpenter,Short n Sweet,175459,Pop,2024-05-12T11:47:33Z
user3,tr007,Beautiful Things,Benson Boone,Beautiful Things,197000,Pop Rock,2024-05-12T20:44:05Z
user3,tr002,Please Please Please,Sabrina Carpenter,Short n Sweet,186614,Pop,2024-05-13T19:00:45Z
user2,tr004,Die With A Smile,Lady Gaga,Die With A Smile,251333,Pop,2024-05-13T19:13:39Z
user3,tr001,Espresso,Sabrina Carpenter,Short n Sweet,175459,Pop,2024-05-13T22:04:21Z
user3,tr015,STARGAZING,Myles Smith,STARGAZING,205000,Indie Pop,2024-05-14T16:16:14Z
user1,tr023,Flowers,Miley Cyrus,Endless Summer Vacation,200455,Pop,2024-05-14T18:52:40Z
user1,tr015,STARGAZING,Myles Smith,STARGAZING,205000,Indie Pop,2024-05-14T23:48:11Z
user1,tr019,Shake It Off,Taylor Swift,1989,219200,Pop,2024-05-15T03:38:27Z
user3,tr015,STARGAZING,Myles Smith,STARGAZING,205000,Indie Pop,2024-05-15T10:44:04Z
user1,tr016,One Of The Girls,The Weeknd,One Of The Girls,218000,R&B,2024-05-15T13:44:25Z
user3,tr027,Levitating,Dua Lipa,Future Nostalgia,203064,Dance Pop,2024-05-15T14:31:36Z
user1,tr020,Anti-Hero,Taylor Swift,Midnights,200698,Pop,2024-05-15T17:16:57Z
user2,tr012,Lose Control,Teddy Swims,I ve Tried Everything,203000,R&B,2024-05-15T19:48:25Z
user1,tr021,Vampire,Olivia Rodrigo,GUTS,218000,Pop Rock,2024-05-15T20:40:37Z
user1,tr024,As It Was,Harry Styles,Harry's House,167303,Indie Pop,2024-05-16T09:44:06Z
user1,tr020,Anti-Hero,Taylor Swift,Midnights,200698,Pop,2024-05-16T20:04:03Z
user1,tr011,Not Like Us,Kendrick Lamar,Not Like Us,274000,Hip-Hop,2024-05-17T06:58:36Z
user2,tr007,Beautiful Things,Benson Boone,Beautiful Things,197000,Pop Rock,2024-05-17T14:38:38Z
user3,tr024,As It Was,Harry Styles,Harry's House,167303,Indie Pop,2024-05-17T19:07:49Z
user3,tr020,Anti-Hero,Taylor Swift,Midnights,200698,Pop,2024-05-17T19:32:01Z
user3,tr015,STARGAZING,Myles Smith,STARGAZING,205000,Indie Pop,2024-05-17T21:01:21Z
user3,tr011,Not Like Us,Kendrick Lamar,Not Like Us,274000,Hip-Hop,2024-05-18T09:20:38Z
user3,tr011,Not Like Us,Kendrick Lamar,Not Like Us,274000,Hip-Hop,2024-05-19T11:12:08Z
user1,tr016,One Of The Girls,The Weeknd,One Of The Girls,218000,R&B,2024-05-19T16:01:24Z
user1,tr021,Vampire,Olivia Rodrigo,GUTS,218000,Pop Rock,2024-05-19T17:31:28Z
user1,tr017,Blinding Lights,The Weeknd,After Hours,200000,Synth-Pop,2024-05-19T21:16:58Z
user2,tr029,Ghost,Justin Bieber,Justice,153496,Pop,2024-05-20T12:36:43Z
user3,tr019,Shake It Off,Taylor Swift,1989,219200,Pop,2024-05-20T21:16:37Z
user3,tr019,Shake It Off,Taylor Swift,1989,219200,Pop,2024-05-21T12:45:57Z
user3,tr017,Blinding Lights,The Weeknd,After Hours,200000,Synth-Pop,2024-05-21T17:58:55Z
user1,tr025,Watermelon Sugar,Harry Styles,Fine Line,174000,Indie Pop,2024-05-21T20:54:26Z
user3,tr009,Columbia,Quavo,Rocket Power,156000,Hip-Hop,2024-05-22T04:14:35Z
user3,tr018,Cruel Summer,Taylor Swift,Lover,178427,Pop,2024-05-22T07:05:32Z
user1,tr014,Lunch,Billie Eilish,HIT ME HARD AND SOFT,187000,Indie Pop,2024-05-22T09:48:21Z
user1,tr020,Anti-Hero,Taylor Swift,Midnights,200698,Pop,2024-05-23T03:23:13Z
user3,tr008,Harlequin,Lady Gaga,Harlequin,162000,Pop,2024-05-23T05:30:33Z
user2,tr024,As It Was,Harry Styles,Harry's House,167303,Indie Pop,2024-05-23T20:39:43Z
user1,tr008,Harlequin,Lady Gaga,Harlequin,162000,Pop,2024-05-24T19:29:04Z
user3,tr027,Levitating,Dua Lipa,Future Nostalgia,203064,Dance Pop,2024-05-24T20:19:20Z
user2,tr013,Too Sweet,Hozier,Too Sweet,298000,Indie Folk,2024-05-24T20:32:33Z
user1,tr021,Vampire,Olivia Rodrigo,GUTS,218000,Pop Rock,2024-05-25T11:54:42Z
user2,tr010,TEXAS HOLD EM,Beyonce,Cowboy Carter,237000,Country Pop,2024-05-25T13:36:08Z
user2,tr016,One Of The Girls,The Weeknd,One Of The Girls,218000,R&B,2024-05-26T01:52:44Z
user1,tr002,Please Please Please,Sabrina Carpenter,Short n Sweet,186614,Pop,2024-05-26T11:21:20Z
user2,tr020,Anti-Hero,Taylor Swift,Midnights,200698,Pop,2024-05-26T14:49:03Z
user2,tr021,Vampire,Olivia Rodrigo,GUTS,218000,Pop Rock,2024-05-26T17:54:06Z
user3,tr007,Beautiful Things,Benson Boone,Beautiful Things,197000,Pop Rock,2024-05-26T19:09:53Z
user1,tr024,As It Was,Harry Styles,Harry's House,167303,Indie Pop,2024-05-26T20:14:38Z
user3,tr004,Die With A Smile,Lady Gaga,Die With A Smile,251333,Pop,2024-05-26T21:56:22Z
user2,tr005,Birds Of A Feather,Billie Eilish,HIT ME HARD AND SOFT,210000,Indie Pop,2024-05-26T22:30:44Z
user2,tr011,Not Like Us,Kendrick Lamar,Not Like Us,274000,Hip-Hop,2024-05-27T06:32:28Z
user1,tr020,Anti-Hero,Taylor Swift,Midnights,200698,Pop,2024-05-27T23:47:05Z
user3,tr002,Please Please Please,Sabrina Carpenter,Short n Sweet,186614,Pop,2024-05-28T14:43:20Z
user2,tr015,STARGAZING,Myles Smith,STARGAZING,205000,Indie Pop,2024-05-28T21:00:19Z
user2,tr016,One Of The Girls,The Weeknd,One Of The Girls,218000,R&B,2024-05-28T21:54:10Z
user2,tr011,Not Like Us,Kendrick Lamar,Not Like Us,274000,Hip-Hop,2024-05-29T15:49:05Z
user1,tr027,Levitating,Dua Lipa,Future Nostalgia,203064,Dance Pop,2024-05-29T17:17:26Z
user3,tr025,Watermelon Sugar,Harry Styles,Fine Line,174000,Indie Pop,2024-05-29T17:23:44Z
user2,tr030,Peaches,Justin Bieber,Justice,197913,R&B,2024-05-29T19:40:31Z
user3,tr004,Die With A Smile,Lady Gaga,Die With A Smile,251333,Pop,2024-05-31T10:34:02Z
user2,tr020,Anti-Hero,Taylor Swift,Midnights,200698,Pop,2024-05-31T14:14:14Z
user2,tr024,As It Was,Harry Styles,Harry's House,167303,Indie Pop,2024-05-31T18:50:57Z
user2,tr025,Watermelon Sugar,Harry Styles,Fine Line,174000,Indie Pop,2024-05-31T20:45:04Z
user2,tr022,bad idea right?,Olivia Rodrigo,GUTS,175000,Pop Rock,2024-06-01T16:44:03Z
user2,tr009,Columbia,Quavo,Rocket Power,156000,Hip-Hop,2024-06-01T20:45:13Z
user2,tr024,As It Was,Harry Styles,Harry's House,167303,Indie Pop,2024-06-01T21:02:28Z
user3,tr025,Watermelon Sugar,Harry Styles,Fine Line,174000,Indie Pop,2024-06-01T22:29:46Z
user2,tr022,bad idea right?,Olivia Rodrigo,GUTS,175000,Pop Rock,2024-06-01T22:37:05Z
user2,tr009,Columbia,Quavo,Rocket Power,156000,Hip-Hop,2024-06-02T16:04:23Z
user1,tr021,Vampire,Olivia Rodrigo,GUTS,218000,Pop Rock,2024-06-02T16:59:48Z
user1,tr003,APT.,ROSÉ,rosie,170000,K-Pop,2024-06-02T17:42:26Z
user2,tr024,As It Was,Harry Styles,Harry's House,167303,Indie Pop,2024-06-02T18:32:53Z
user1,tr012,Lose Control,Teddy Swims,I ve Tried Everything,203000,R&B,2024-06-03T01:34:08Z
user2,tr009,Columbia,Quavo,Rocket Power,156000,Hip-Hop,2024-06-03T08:15:26Z
user1,tr020,Anti-Hero,Taylor Swift,Midnights,200698,Pop,2024-06-03T15:53:00Z
user2,tr009,Columbia,Quavo,Rocket Power,156000,Hip-Hop,2024-06-03T16:51:51Z
user3,tr008,Harlequin,Lady Gaga,Harlequin,162000,Pop,2024-06-03T19:52:39Z
user3,tr025,Watermelon Sugar,Harry Styles,Fine Line,174000,Indie Pop,2024-06-04T13:53:31Z
user3,tr017,Blinding Lights,The Weeknd,After Hours,200000,Synth-Pop,2024-06-04T20:15:29Z
user2,tr029,Ghost,Justin Bieber,Justice,153496,Pop,2024-06-04T22:00:13Z
user3,tr018,Cruel Summer,Taylor Swift,Lover,178427,Pop,2024-06-05T19:09:36Z
user1,tr021,Vampire,Olivia Rodrigo,GUTS,218000,Pop Rock,2024-06-05T19:23:30Z
user3,tr018,Cruel Summer,Taylor Swift,Lover,178427,Pop,2024-06-05T19:45:41Z
user2,tr001,Espresso,Sabrina Carpenter,Short n Sweet,175459,Pop,2024-06-06T16:48:17Z
user2,tr014,Lunch,Billie Eilish,HIT ME HARD AND SOFT,187000,Indie Pop,2024-06-06T17:05:25Z
user1,tr005,Birds Of A Feather,Billie Eilish,HIT ME HARD AND SOFT,210000,Indie Pop,2024-06-06T18:52:36Z
user3,tr007,Beautiful Things,Benson Boone,Beautiful Things,197000,Pop Rock,2024-06-06T19:18:08Z
user2,tr021,Vampire,Olivia Rodrigo,GUTS,218000,Pop Rock,2024-06-06T19:25:16Z
user1,tr006,"Good Luck, Babe!",Chappell Roan,"Good Luck, Babe!",218000,Pop,2024-06-07T11:12:09Z
user1,tr021,Vampire,Olivia Rodrigo,GUTS,218000,Pop Rock,2024-06-07T22:22:00Z
user1,tr001,Espresso,Sabrina Carpenter,Short n Sweet,175459,Pop,2024-06-08T18:58:24Z
user1,tr018,Cruel Summer,Taylor Swift,Lover,178427,Pop,2024-06-09T05:37:30Z
user2,tr021,Vampire,Olivia Rodrigo,GUTS,218000,Pop Rock,2024-06-09T08:19:07Z
user1,tr021,Vampire,Olivia Rodrigo,GUTS,218000,Pop Rock,2024-06-09T11:25:08Z
user3,tr015,STARGAZING,Myles Smith,STARGAZING,205000,Indie Pop,2024-06-09T15:34:22Z
user1,tr012,Lose Control,Teddy Swims,I ve Tried Everything,203000,R&B,2024-06-09T16:32:07Z
user2,tr018,Cruel Summer,Taylor Swift,Lover,178427,Pop,2024-06-09T21:20:46Z
user1,tr015,STARGAZING,Myles Smith,STARGAZING,205000,Indie Pop,2024-06-10T11:07:49Z
user1,tr026,Heat Waves,Glass Animals,Dreamland,238805,Indie Pop,2024-06-10T11:31:25Z
user3,tr017,Blinding Lights,The Weeknd,After Hours,200000,Synth-Pop,2024-06-10T22:10:00Z
user3,tr030,Peaches,Justin Bieber,Justice,197913,R&B,2024-06-11T08:55:53Z
user1,tr013,Too Sweet,Hozier,Too Sweet,298000,Indie Folk,2024-06-11T18:56:48Z
user3,tr012,Lose Control,Teddy Swims,I ve Tried Everything,203000,R&B,2024-06-12T09:56:05Z
user3,tr028,Unholy,Sam Smith,Gloria,156943,Pop,2024-06-12T12:04:36Z
user2,tr026,Heat Waves,Glass Animals,Dreamland,238805,Indie Pop,2024-06-12T19:45:04Z
user2,tr014,Lunch,Billie Eilish,HIT ME HARD AND SOFT,187000,Indie Pop,2024-06-12T22:23:20Z
user2,tr016,One Of The Girls,The Weeknd,One Of The Girls,218000,R&B,2024-06-13T07:20:42Z
user2,tr021,Vampire,Olivia Rodrigo,GUTS,218000,Pop Rock,2024-06-13T11:56:09Z
user3,tr019,Shake It Off,Taylor Swift,1989,219200,Pop,2024-06-13T17:06:10Z
user1,tr020,Anti-Hero,Taylor Swift,Midnights,200698,Pop,2024-06-13T18:32:09Z
user3,tr026,Heat Waves,Glass Animals,Dreamland,238805,Indie Pop,2024-06-14T05:09:37Z
user1,tr019,Shake It Off,Taylor Swift,1989,219200,Pop,2024-06-14T21:53:59Z
user1,tr013,Too Sweet,Hozier,Too Sweet,298000,Indie Folk,2024-06-15T20:36:38Z
user2,tr030,Peaches,Justin Bieber,Justice,197913,R&B,2024-06-16T02:17:50Z
user1,tr007,Beautiful Things,Benson Boone,Beautiful Things,197000,Pop Rock,2024-06-16T10:20:21Z
user1,tr027,Levitating,Dua Lipa,Future Nostalgia,203064,Dance Pop,2024-06-16T20:11:12Z
user2,tr024,As It Was,Harry Styles,Harry's House,167303,Indie Pop,2024-06-17T12:46:36Z
user1,tr025,Watermelon Sugar,Harry Styles,Fine Line,174000,Indie Pop,2024-06-17T15:31:18Z
user1,tr020,Anti-Hero,Taylor Swift,Midnights,200698,Pop,2024-06-17T21:54:34Z
user3,tr026,Heat Waves,Glass Animals,Dreamland,238805,Indie Pop,2024-06-18T08:29:03Z
user3,tr029,Ghost,Justin Bieber,Justice,153496,Pop,2024-06-18T11:00:42Z
user2,tr027,Levitating,Dua Lipa,Future Nostalgia,203064,Dance Pop,2024-06-18T12:51:23Z
user3,tr010,TEXAS HOLD EM,Beyonce,Cowboy Carter,237000,Country Pop,2024-06-18T14:37:18Z
user2,tr028,Unholy,Sam Smith,Gloria,156943,Pop,2024-06-18T15:47:08Z
user1,tr028,Unholy,Sam Smith,Gloria,156943,Pop,2024-06-18T18:42:54Z
user3,tr028,Unholy,Sam Smith,Gloria,156943,Pop,2024-06-18T19:03:47Z
user2,tr020,Anti-Hero,Taylor Swift,Midnights,200698,Pop,2024-06-18T22:27:06Z
user1,tr001,Espresso,Sabrina Carpenter,Short n Sweet,175459,Pop,2024-06-19T11:08:50Z
user2,tr030,Peaches,Justin Bieber,Justice,197913,R&B,2024-06-19T21:24:51Z
user1,tr020,Anti-Hero,Taylor Swift,Midnights,200698,Pop,2024-06-20T06:06:35Z
user3,tr028,Unholy,Sam Smith,Gloria,156943,Pop,2024-06-20T20:17:33Z
user3,tr018,Cruel Summer,Taylor Swift,Lover,178427,Pop,2024-06-21T12:08:10Z
user3,tr008,Harlequin,Lady Gaga,Harlequin,162000,Pop,2024-06-22T07:26:02Z
user2,tr026,Heat Waves,Glass Animals,Dreamland,238805,Indie Pop,2024-06-22T17:23:48Z
user1,tr013,Too Sweet,Hozier,Too Sweet,298000,Indie Folk,2024-06-22T19:03:50Z
user1,tr014,Lunch,Billie Eilish,HIT ME HARD AND SOFT,187000,Indie Pop,2024-06-22T20:06:15Z
user1,tr017,Blinding Lights,The Weeknd,After Hours,200000,Synth-Pop,2024-06-23T01:26:52Z
user1,tr023,Flowers,Miley Cyrus,Endless Summer Vacation,200455,Pop,2024-06-23T08:27:10Z
user3,tr015,STARGAZING,Myles Smith,STARGAZING,205000,Indie Pop,2024-06-23T14:03:52Z
user3,tr025,Watermelon Sugar,Harry Styles,Fine Line,174000,Indie Pop,2024-06-23T19:58:51Z
user2,tr011,Not Like Us,Kendrick Lamar,Not Like Us,274000,Hip-Hop,2024-06-24T16:13:33Z
user2,tr004,Die With A Smile,Lady Gaga,Die With A Smile,251333,Pop,2024-06-24T19:43:51Z
user2,tr001,Espresso,Sabrina Carpenter,Short n Sweet,175459,Pop,2024-06-24T20:55:27Z
user3,tr030,Peaches,Justin Bieber,Justice,197913,R&B,2024-06-24T23:31:22Z
user3,tr008,Harlequin,Lady Gaga,Harlequin,162000,Pop,2024-06-25T10:57:41Z
user1,tr017,Blinding Lights,The Weeknd,After Hours,200000,Synth-Pop,2024-06-25T15:18:43Z
user1,tr018,Cruel Summer,Taylor Swift,Lover,178427,Pop,2024-06-25T15:47:35Z
user2,tr030,Peaches,Justin Bieber,Justice,197913,R&B,2024-06-25T23:08:48Z
user2,tr008,Harlequin,Lady Gaga,Harlequin,162000,Pop,2024-06-26T09:12:59Z
user3,tr009,Columbia,Quavo,Rocket Power,156000,Hip-Hop,2024-06-26T19:41:24Z
user1,tr002,Please Please Please,Sabrina Carpenter,Short n Sweet,186614,Pop,2024-06-28T11:04:49Z
user2,tr022,bad idea right?,Olivia Rodrigo,GUTS,175000,Pop Rock,2024-06-28T16:46:55Z
user1,tr023,Flowers,Miley Cyrus,Endless Summer Vacation,200455,Pop,2024-06-28T19:52:41Z
user1,tr021,Vampire,Olivia Rodrigo,GUTS,218000,Pop Rock,2024-06-30T06:55:47Z
user3,tr029,Ghost,Justin Bieber,Justice,153496,Pop,2024-07-01T11:37:52Z
user2,tr024,As It Was,Harry Styles,Harry's House,167303,Indie Pop,2024-07-01T20:22:15Z
user1,tr013,Too Sweet,Hozier,Too Sweet,298000,Indie Folk,2024-07-02T18:44:18Z
user1,tr004,Die With A Smile,Lady Gaga,Die With A Smile,251333,Pop,2024-07-02T20:15:37Z
user2,tr021,Vampire,Olivia Rodrigo,GUTS,218000,Pop Rock,2024-07-02T21:50:34Z
user2,tr003,APT.,ROSÉ,rosie,170000,K-Pop,2024-07-03T06:33:34Z
user3,tr010,TEXAS HOLD EM,Beyonce,Cowboy Carter,237000,Country Pop,2024-07-03T08:46:21Z
user1,tr012,Lose Control,Teddy Swims,I ve Tried Everything,203000,R&B,2024-07-04T13:13:21Z
user1,tr020,Anti-Hero,Taylor Swift,Midnights,200698,Pop,2024-07-04T18:45:04Z
user2,tr025,Watermelon Sugar,Harry Styles,Fine Line,174000,Indie Pop,2024-07-05T08:36:12Z
user3,tr002,Please Please Please,Sabrina Carpenter,Short n Sweet,186614,Pop,2024-07-05T14:09:11Z
user2,tr016,One Of The Girls,The Weeknd,One Of The Girls,218000,R&B,2024-07-06T13:29:07Z
user3,tr017,Blinding Lights,The Weeknd,After Hours,200000,Synth-Pop,2024-07-06T17:11:48Z
user1,tr007,Beautiful Things,Benson Boone,Beautiful Things,197000,Pop Rock,2024-07-07T09:38:47Z
user3,tr017,Blinding Lights,The Weeknd,After Hours,200000,Synth-Pop,2024-07-07T09:49:06Z
user2,tr026,Heat Waves,Glass Animals,Dreamland,238805,Indie Pop,2024-07-07T13:07:26Z
user2,tr013,Too Sweet,Hozier,Too Sweet,298000,Indie Folk,2024-07-08T07:46:53Z
user3,tr013,Too Sweet,Hozier,Too Sweet,298000,Indie Folk,2024-07-08T21:23:11Z
user3,tr002,Please Please Please,Sabrina Carpenter,Short n Sweet,186614,Pop,2024-07-09T16:28:11Z
user3,tr022,bad idea right?,Olivia Rodrigo,GUTS,175000,Pop Rock,2024-07-09T20:11:07Z
user2,tr030,Peaches,Justin Bieber,Justice,197913,R&B,2024-07-10T11:20:59Z
user3,tr007,Beautiful Things,Benson Boone,Beautiful Things,197000,Pop Rock,2024-07-11T09:04:35Z
user1,tr018,Cruel Summer,Taylor Swift,Lover,178427,Pop,2024-07-11T15:21:10Z
user1,tr010,TEXAS HOLD EM,Beyonce,Cowboy Carter,237000,Country Pop,2024-07-11T18:21:52Z
user3,tr010,TEXAS HOLD EM,Beyonce,Cowboy Carter,237000,Country Pop,2024-07-11T21:29:16Z
user3,tr023,Flowers,Miley Cyrus,Endless Summer Vacation,200455,Pop,2024-07-11T21:46:19Z
user3,tr016,One Of The Girls,The Weeknd,One Of The Girls,218000,R&B,2024-07-12T04:17:35Z
user1,tr029,Ghost,Justin Bieber,Justice,153496,Pop,2024-07-12T06:18:53Z
user3,tr016,One Of The Girls,The Weeknd,One Of The Girls,218000,R&B,2024-07-12T14:24:06Z
user1,tr002,Please Please Please,Sabrina Carpenter,Short n Sweet,186614,Pop,2024-07-13T07:54:22Z
user1,tr023,Flowers,Miley Cyrus,Endless Summer Vacation,200455,Pop,2024-07-13T12:53:26Z
user1,tr019,Shake It Off,Taylor Swift,1989,219200,Pop,2024-07-13T13:31:54Z
user1,tr014,Lunch,Billie Eilish,HIT ME HARD AND SOFT,187000,Indie Pop,2024-07-13T19:57:11Z
user1,tr021,Vampire,Olivia Rodrigo,GUTS,218000,Pop Rock,2024-07-14T15:42:50Z
user2,tr011,Not Like Us,Kendrick Lamar,Not Like Us,274000,Hip-Hop,2024-07-14T16:58:58Z
user1,tr002,Please Please Please,Sabrina Carpenter,Short n Sweet,186614,Pop,2024-07-14T18:29:33Z
user3,tr016,One Of The Girls,The Weeknd,One Of The Girls,218000,R&B,2024-07-14T19:11:22Z
user3,tr024,As It Was,Harry Styles,Harry's House,167303,Indie Pop,2024-07-14T20:22:30Z
user2,tr009,Columbia,Quavo,Rocket Power,156000,Hip-Hop,2024-07-14T20:48:55Z
user3,tr030,Peaches,Justin Bieber,Justice,197913,R&B,2024-07-15T00:34:12Z
user3,tr004,Die With A Smile,Lady Gaga,Die With A Smile,251333,Pop,2024-07-15T08:12:41Z
user1,tr010,TEXAS HOLD EM,Beyonce,Cowboy Carter,237000,Country Pop,2024-07-15T21:06:15Z
user2,tr009,Columbia,Quavo,Rocket Power,156000,Hip-Hop,2024-07-15T21:26:15Z
user3,tr010,TEXAS HOLD EM,Beyonce,Cowboy Carter,237000,Country Pop,2024-07-16T04:54:36Z
user3,tr026,Heat Waves,Glass Animals,Dreamland,238805,Indie Pop,2024-07-17T14:53:54Z
user3,tr028,Unholy,Sam Smith,Gloria,156943,Pop,2024-07-17T15:50:43Z
user1,tr018,Cruel Summer,Taylor Swift,Lover,178427,Pop,2024-07-17T16:42:47Z
user2,tr005,Birds Of A Feather,Billie Eilish,HIT ME HARD AND SOFT,210000,Indie Pop,2024-07-18T13:06:05Z
user1,tr009,Columbia,Quavo,Rocket Power,156000,Hip-Hop,2024-07-18T21:53:26Z
user1,tr021,Vampire,Olivia Rodrigo,GUTS,218000,Pop Rock,2024-07-19T08:45:05Z
user3,tr008,Harlequin,Lady Gaga,Harlequin,162000,Pop,2024-07-19T20:54:34Z
user3,tr019,Shake It Off,Taylor Swift,1989,219200,Pop,2024-07-20T06:36:03Z
user3,tr007,Beautiful Things,Benson Boone,Beautiful Things,197000,Pop Rock,2024-07-20T11:52:50Z
user2,tr030,Peaches,Justin Bieber,Justice,197913,R&B,2024-07-20T17:46:14Z
user3,tr011,Not Like Us,Kendrick Lamar,Not Like Us,274000,Hip-Hop,2024-07-20T19:47:20Z
user2,tr012,Lose Control,Teddy Swims,I ve Tried Everything,203000,R&B,2024-07-21T17:15:24Z
user2,tr016,One Of The Girls,The Weeknd,One Of The Girls,218000,R&B,2024-07-21T20:49:51Z
user3,tr010,TEXAS HOLD EM,Beyonce,Cowboy Carter,237000,Country Pop,2024-07-21T21:45:02Z
user2,tr011,Not Like Us,Kendrick Lamar,Not Like Us,274000,Hip-Hop,2024-07-22T06:25:29Z
user3,tr015,STARGAZING,Myles Smith,STARGAZING,205000,Indie Pop,2024-07-22T18:07:43Z
user2,tr022,bad idea right?,Olivia Rodrigo,GUTS,175000,Pop Rock,2024-07-22T22:19:10Z
user2,tr003,APT.,ROSÉ,rosie,170000,K-Pop,2024-07-22T23:46:30Z
user1,tr020,Anti-Hero,Taylor Swift,Midnights,200698,Pop,2024-07-23T19:53:34Z
user2,tr013,Too Sweet,Hozier,Too Sweet,298000,Indie Folk,2024-07-23T20:57:24Z
user2,tr011,Not Like Us,Kendrick Lamar,Not Like Us,274000,Hip-Hop,2024-07-24T05:35:12Z
user3,tr014,Lunch,Billie Eilish,HIT ME HARD AND SOFT,187000,Indie Pop,2024-07-24T07:34:34Z
user1,tr020,Anti-Hero,Taylor Swift,Midnights,200698,Pop,2024-07-24T20:35:02Z
user3,tr001,Espresso,Sabrina Carpenter,Short n Sweet,175459,Pop,2024-07-25T15:35:35Z
user3,tr019,Shake It Off,Taylor Swift,1989,219200,Pop,2024-07-25T20:05:29Z
user2,tr002,Please Please Please,Sabrina Carpenter,Short n Sweet,186614,Pop,2024-07-26T14:35:30Z
user3,tr008,Harlequin,Lady Gaga,Harlequin,162000,Pop,2024-07-26T14:55:22Z
user3,tr015,STARGAZING,Myles Smith,STARGAZING,205000,Indie Pop,2024-07-26T15:01:24Z
user3,tr028,Unholy,Sam Smith,Gloria,156943,Pop,2024-07-26T15:02:37Z
user2,tr016,One Of The Girls,The Weeknd,One Of The Girls,218000,R&B,2024-07-27T07:05:22Z
user1,tr016,One Of The Girls,The Weeknd,One Of The Girls,218000,R&B,2024-07-27T10:06:42Z
user3,tr008,Harlequin,Lady Gaga,Harlequin,162000,Pop,2024-07-27T20:48:33Z
user3,tr001,Espresso,Sabrina Carpenter,Short n Sweet,175459,Pop,2024-07-28T02:34:22Z
user3,tr023,Flowers,Miley Cyrus,Endless Summer Vacation,200455,Pop,2024-07-28T07:39:12Z
user1,tr010,TEXAS HOLD EM,Beyonce,Cowboy Carter,237000,Country Pop,2024-07-28T08:02:02Z
user2,tr022,bad idea right?,Olivia Rodrigo,GUTS,175000,Pop Rock,2024-07-28T08:24:11Z
user1,tr016,One Of The Girls,The Weeknd,One Of The Girls,218000,R&B,2024-07-28T13:42:06Z
user2,tr021,Vampire,Olivia Rodrigo,GUTS,218000,Pop Rock,2024-07-28T19:26:45Z
user2,tr016,One Of The Girls,The Weeknd,One Of The Girls,218000,R&B,2024-07-28T20:04:08Z
user1,tr022,bad idea right?,Olivia Rodrigo,GUTS,175000,Pop Rock,2024-07-28T21:09:04Z
user1,tr025,Watermelon Sugar,Harry Styles,Fine Line,174000,Indie Pop,2024-07-29T04:47:30Z
user2,tr022,bad idea right?,Olivia Rodrigo,GUTS,175000,Pop Rock,2024-07-29T17:39:58Z
user1,tr024,As It Was,Harry Styles,Harry's House,167303,Indie Pop,2024-07-29T20:55:47Z
user3,tr010,TEXAS HOLD EM,Beyonce,Cowboy Carter,237000,Country Pop,2024-07-29T21:30:03Z
user2,tr003,APT.,ROSÉ,rosie,170000,K-Pop,2024-07-29T22:17:55Z
user2,tr024,As It Was,Harry Styles,Harry's House,167303,Indie Pop,2024-07-30T08:40:14Z
user3,tr014,Lunch,Billie Eilish,HIT ME HARD AND SOFT,187000,Indie Pop,2024-07-31T08:36:37Z
user2,tr006,"Good Luck, Babe!",Chappell Roan,"Good Luck, Babe!",218000,Pop,2024-07-31T16:13:21Z
user1,tr004,Die With A Smile,Lady Gaga,Die With A Smile,251333,Pop,2024-07-31T19:53:31Z
user2,tr017,Blinding Lights,The Weeknd,After Hours,200000,Synth-Pop,2024-08-01T17:08:24Z
user1,tr003,APT.,ROSÉ,rosie,170000,K-Pop,2024-08-01T18:50:39Z
user3,tr023,Flowers,Miley Cyrus,Endless Summer Vacation,200455,Pop,2024-08-02T11:15:26Z
user3,tr014,Lunch,Billie Eilish,HIT ME HARD AND SOFT,187000,Indie Pop,2024-08-02T22:56:26Z
user3,tr026,Heat Waves,Glass Animals,Dreamland,238805,Indie Pop,2024-08-03T19:51:10Z
user1,tr002,Please Please Please,Sabrina Carpenter,Short n Sweet,186614,Pop,2024-08-04T03:05:13Z
user1,tr014,Lunch,Billie Eilish,HIT ME HARD AND SOFT,187000,Indie Pop,2024-08-04T15:55:46Z
user1,tr020,Anti-Hero,Taylor Swift,Midnights,200698,Pop,2024-08-04T21:46:03Z
user2,tr007,Beautiful Things,Benson Boone,Beautiful Things,197000,Pop Rock,2024-08-05T07:53:41Z
user2,tr023,Flowers,Miley Cyrus,Endless Summer Vacation,200455,Pop,2024-08-05T17:52:14Z
user1,tr020,Anti-Hero,Taylor Swift,Midnights,200698,Pop,2024-08-05T19:29:54Z
user2,tr019,Shake It Off,Taylor Swift,1989,219200,Pop,2024-08-06T17:03:22Z
user2,tr028,Unholy,Sam Smith,Gloria,156943,Pop,2024-08-06T17:05:25Z
user2,tr010,TEXAS HOLD EM,Beyonce,Cowboy Carter,237000,Country Pop,2024-08-06T22:14:51Z
user2,tr013,Too Sweet,Hozier,Too Sweet,298000,Indie Folk,2024-08-07T10:44:58Z
user1,tr011,Not Like Us,Kendrick Lamar,Not Like Us,274000,Hip-Hop,2024-08-07T18:45:40Z
user2,tr012,Lose Control,Teddy Swims,I ve Tried Everything,203000,R&B,2024-08-07T20:31:17Z
user1,tr019,Shake It Off,Taylor Swift,1989,219200,Pop,2024-08-07T21:49:52Z
user1,tr018,Cruel Summer,Taylor Swift,Lover,178427,Pop,2024-08-08T08:19:23Z
user2,tr012,Lose Control,Teddy Swims,I ve Tried Everything,203000,R&B,2024-08-08T18:52:11Z
user1,tr017,Blinding Lights,The Weeknd,After Hours,200000,Synth-Pop,2024-08-09T22:40:57Z
user3,tr018,Cruel Summer,Taylor Swift,Lover,178427,Pop,2024-08-10T09:06:21Z
user3,tr005,Birds Of A Feather,Billie Eilish,HIT ME HARD AND SOFT,210000,Indie Pop,2024-08-10T18:25:27Z
user3,tr027,Levitating,Dua Lipa,Future Nostalgia,203064,Dance Pop,2024-08-10T19:04:47Z
user1,tr030,Peaches,Justin Bieber,Justice,197913,R&B,2024-08-11T18:31:05Z
user3,tr022,bad idea right?,Olivia Rodrigo,GUTS,175000,Pop Rock,2024-08-11T20:31:41Z
user1,tr012,Lose Control,Teddy Swims,I ve Tried Everything,203000,R&B,2024-08-11T21:15:27Z
user2,tr006,"Good Luck, Babe!",Chappell Roan,"Good Luck, Babe!",218000,Pop,2024-08-12T04:23:43Z
user1,tr027,Levitating,Dua Lipa,Future Nostalgia,203064,Dance Pop,2024-08-12T08:44:19Z
user3,tr012,Lose Control,Teddy Swims,I ve Tried Everything,203000,R&B,2024-08-12T22:17:56Z
user3,tr028,Unholy,Sam Smith,Gloria,156943,Pop,2024-08-13T09:04:32Z
user2,tr007,Beautiful Things,Benson Boone,Beautiful Things,197000,Pop Rock,2024-08-13T13:09:26Z
user2,tr027,Levitating,Dua Lipa,Future Nostalgia,203064,Dance Pop,2024-08-13T13:52:52Z
user1,tr016,One Of The Girls,The Weeknd,One Of The Girls,218000,R&B,2024-08-14T15:13:48Z
user2,tr011,Not Like Us,Kendrick Lamar,Not Like Us,274000,Hip-Hop,2024-08-14T19:47:30Z
user3,tr006,"Good Luck, Babe!",Chappell Roan,"Good Luck, Babe!",218000,Pop,2024-08-14T20:20:17Z
user3,tr008,Harlequin,Lady Gaga,Harlequin,162000,Pop,2024-08-14T21:58:40Z
user1,tr005,Birds Of A Feather,Billie Eilish,HIT ME HARD AND SOFT,210000,Indie Pop,2024-08-14T22:37:19Z
user2,tr023,Flowers,Miley Cyrus,Endless Summer Vacation,200455,Pop,2024-08-15T18:48:47Z
user3,tr028,Unholy,Sam Smith,Gloria,156943,Pop,2024-08-15T20:05:57Z
user3,tr025,Watermelon Sugar,Harry Styles,Fine Line,174000,Indie Pop,2024-08-16T16:18:57Z
user1,tr025,Watermelon Sugar,Harry Styles,Fine Line,174000,Indie Pop,2024-08-16T17:22:21Z
user2,tr009,Columbia,Quavo,Rocket Power,156000,Hip-Hop,2024-08-16T18:27:10Z
user2,tr018,Cruel Summer,Taylor Swift,Lover,178427,Pop,2024-08-16T18:45:55Z
user2,tr028,Unholy,Sam Smith,Gloria,156943,Pop,2024-08-16T20:29:08Z
user3,tr006,"Good Luck, Babe!",Chappell Roan,"Good Luck, Babe!",218000,Pop,2024-08-17T09:10:13Z
user1,tr023,Flowers,Miley Cyrus,Endless Summer Vacation,200455,Pop,2024-08-17T19:56:36Z
user2,tr011,Not Like Us,Kendrick Lamar,Not Like Us,274000,Hip-Hop,2024-08-17T23:30:37Z
user1,tr028,Unholy,Sam Smith,Gloria,156943,Pop,2024-08-18T07:57:53Z
user2,tr004,Die With A Smile,Lady Gaga,Die With A Smile,251333,Pop,2024-08-18T11:06:03Z
user1,tr002,Please Please Please,Sabrina Carpenter,Short n Sweet,186614,Pop,2024-08-18T11:29:36Z
user2,tr007,Beautiful Things,Benson Boone,Beautiful Things,197000,Pop Rock,2024-08-18T21:59:01Z
user1,tr010,TEXAS HOLD EM,Beyonce,Cowboy Carter,237000,Country Pop,2024-08-19T03:23:53Z
user3,tr012,Lose Control,Teddy Swims,I ve Tried Everything,203000,R&B,2024-08-19T07:55:43Z
user1,tr027,Levitating,Dua Lipa,Future Nostalgia,203064,Dance Pop,2024-08-20T12:44:46Z
user3,tr008,Harlequin,Lady Gaga,Harlequin,162000,Pop,2024-08-20T13:49:39Z
user3,tr014,Lunch,Billie Eilish,HIT ME HARD AND SOFT,187000,Indie Pop,2024-08-20T18:03:19Z
user2,tr028,Unholy,Sam Smith,Gloria,156943,Pop,2024-08-20T22:20:37Z
user3,tr004,Die With A Smile,Lady Gaga,Die With A Smile,251333,Pop,2024-08-21T00:12:18Z
user3,tr013,Too Sweet,Hozier,Too Sweet,298000,Indie Folk,2024-08-21T12:24:44Z
user1,tr023,Flowers,Miley Cyrus,Endless Summer Vacation,200455,Pop,2024-08-21T15:40:36Z
user2,tr015,STARGAZING,Myles Smith,STARGAZING,205000,Indie Pop,2024-08-21T17:35:29Z
user2,tr003,APT.,ROSÉ,rosie,170000,K-Pop,2024-08-22T03:12:02Z
user2,tr019,Shake It Off,Taylor Swift,1989,219200,Pop,2024-08-22T07:19:00Z
user2,tr011,Not Like Us,Kendrick Lamar,Not Like Us,274000,Hip-Hop,2024-08-22T18:52:43Z
user1,tr024,As It Was,Harry Styles,Harry's House,167303,Indie Pop,2024-08-23T14:52:50Z
user2,tr030,Peaches,Justin Bieber,Justice,197913,R&B,2024-08-23T22:21:34Z
user1,tr025,Watermelon Sugar,Harry Styles,Fine Line,174000,Indie Pop,2024-08-24T15:12:33Z
user3,tr027,Levitating,Dua Lipa,Future Nostalgia,203064,Dance Pop,2024-08-24T16:49:19Z
user2,tr001,Espresso,Sabrina Carpenter,Short n Sweet,175459,Pop,2024-08-24T22:13:28Z
user2,tr021,Vampire,Olivia Rodrigo,GUTS,218000,Pop Rock,2024-08-26T13:25:43Z
user1,tr011,Not Like Us,Kendrick Lamar,Not Like Us,274000,Hip-Hop,2024-08-26T15:13:53Z
user1,tr020,Anti-Hero,Taylor Swift,Midnights,200698,Pop,2024-08-26T16:43:13Z
user1,tr001,Espresso,Sabrina Carpenter,Short n Sweet,175459,Pop,2024-08-26T21:43:34Z
user3,tr012,Lose Control,Teddy Swims,I ve Tried Everything,203000,R&B,2024-08-28T22:56:02Z
user2,tr028,Unholy,Sam Smith,Gloria,156943,Pop,2024-08-29T03:26:11Z
user1,tr025,Watermelon Sugar,Harry Styles,Fine Line,174000,Indie Pop,2024-08-29T11:35:09Z
user2,tr024,As It Was,Harry Styles,Harry's House,167303,Indie Pop,2024-08-30T11:14:19Z
user3,tr029,Ghost,Justin Bieber,Justice,153496,Pop,2024-08-30T18:22:22Z
user2,tr014,Lunch,Billie Eilish,HIT ME HARD AND SOFT,187000,Indie Pop,2024-08-31T07:46:44Z
user3,tr027,Levitating,Dua Lipa,Future Nostalgia,203064,Dance Pop,2024-08-31T18:15:30Z
user2,tr022,bad idea right?,Olivia Rodrigo,GUTS,175000,Pop Rock,2024-09-01T06:24:05Z
user1,tr007,Beautiful Things,Benson Boone,Beautiful Things,197000,Pop Rock,2024-09-01T08:04:25Z
user2,tr030,Peaches,Justin Bieber,Justice,197913,R&B,2024-09-01T09:47:38Z
user1,tr008,Harlequin,Lady Gaga,Harlequin,162000,Pop,2024-09-02T16:11:03Z
user2,tr030,Peaches,Justin Bieber,Justice,197913,R&B,2024-09-02T18:51:08Z
user1,tr002,Please Please Please,Sabrina Carpenter,Short n Sweet,186614,Pop,2024-09-02T21:27:43Z
user3,tr015,STARGAZING,Myles Smith,STARGAZING,205000,Indie Pop,2024-09-03T21:00:32Z
user1,tr024,As It Was,Harry Styles,Harry's House,167303,Indie Pop,2024-09-03T22:18:47Z
user1,tr018,Cruel Summer,Taylor Swift,Lover,178427,Pop,2024-09-04T16:52:46Z
user1,tr026,Heat Waves,Glass Animals,Dreamland,238805,Indie Pop,2024-09-05T08:40:38Z
user2,tr030,Peaches,Justin Bieber,Justice,197913,R&B,2024-09-05T10:08:09Z
user3,tr017,Blinding Lights,The Weeknd,After Hours,200000,Synth-Pop,2024-09-05T14:36:32Z
user1,tr005,Birds Of A Feather,Billie Eilish,HIT ME HARD AND SOFT,210000,Indie Pop,2024-09-05T16:55:25Z
user1,tr023,Flowers,Miley Cyrus,Endless Summer Vacation,200455,Pop,2024-09-05T18:17:28Z
user2,tr017,Blinding Lights,The Weeknd,After Hours,200000,Synth-Pop,2024-09-05T20:57:43Z
user3,tr005,Birds Of A Feather,Billie Eilish,HIT ME HARD AND SOFT,210000,Indie Pop,2024-09-06T08:26:28Z
user1,tr011,Not Like Us,Kendrick Lamar,Not Like Us,274000,Hip-Hop,2024-09-06T10:51:16Z
user3,tr002,Please Please Please,Sabrina Carpenter,Short n Sweet,186614,Pop,2024-09-06T11:16:23Z
user1,tr021,Vampire,Olivia Rodrigo,GUTS,218000,Pop Rock,2024-09-06T17:19:02Z
user2,tr027,Levitating,Dua Lipa,Future Nostalgia,203064,Dance Pop,2024-09-07T09:36:01Z
user2,tr016,One Of The Girls,The Weeknd,One Of The Girls,218000,R&B,2024-09-07T12:11:20Z
user2,tr022,bad idea right?,Olivia Rodrigo,GUTS,175000,Pop Rock,2024-09-07T13:22:35Z
user2,tr008,Harlequin,Lady Gaga,Harlequin,162000,Pop,2024-09-07T17:40:20Z
user2,tr015,STARGAZING,Myles Smith,STARGAZING,205000,Indie Pop,2024-09-07T19:19:30Z
user3,tr023,Flowers,Miley Cyrus,Endless Summer Vacation,200455,Pop,2024-09-07T20:49:05Z
user2,tr011,Not Like Us,Kendrick Lamar,Not Like Us,274000,Hip-Hop,2024-09-07T22:41:47Z
user1,tr020,Anti-Hero,Taylor Swift,Midnights,200698,Pop,2024-09-08T07:00:36Z
user2,tr009,Columbia,Quavo,Rocket Power,156000,Hip-Hop,2024-09-08T10:08:54Z
user2,tr030,Peaches,Justin Bieber,Justice,197913,R&B,2024-09-08T11:35:24Z
user2,tr008,Harlequin,Lady Gaga,Harlequin,162000,Pop,2024-09-09T02:35:36Z
user2,tr009,Columbia,Quavo,Rocket Power,156000,Hip-Hop,2024-09-09T08:10:27Z
user1,tr010,TEXAS HOLD EM,Beyonce,Cowboy Carter,237000,Country Pop,2024-09-09T08:15:56Z
user3,tr030,Peaches,Justin Bieber,Justice,197913,R&B,2024-09-09T17:11:31Z
user3,tr012,Lose Control,Teddy Swims,I ve Tried Everything,203000,R&B,2024-09-09T23:49:12Z
user2,tr025,Watermelon Sugar,Harry Styles,Fine Line,174000,Indie Pop,2024-09-10T17:07:36Z
user2,tr002,Please Please Please,Sabrina Carpenter,Short n Sweet,186614,Pop,2024-09-10T18:53:41Z
user2,tr015,STARGAZING,Myles Smith,STARGAZING,205000,Indie Pop,2024-09-11T16:51:46Z
user1,tr003,APT.,ROSÉ,rosie,170000,K-Pop,2024-09-11T20:11:08Z
user2,tr023,Flowers,Miley Cyrus,Endless Summer Vacation,200455,Pop,2024-09-12T17:58:35Z
user1,tr012,Lose Control,Teddy Swims,I ve Tried Everything,203000,R&B,2024-09-12T18:48:03Z
user3,tr013,Too Sweet,Hozier,Too Sweet,298000,Indie Folk,2024-09-14T01:15:54Z
user3,tr012,Lose Control,Teddy Swims,I ve Tried Everything,203000,R&B,2024-09-14T07:50:43Z
user3,tr004,Die With A Smile,Lady Gaga,Die With A Smile,251333,Pop,2024-09-14T18:10:04Z
user3,tr013,Too Sweet,Hozier,Too Sweet,298000,Indie Folk,2024-09-14T19:03:11Z
user1,tr015,STARGAZING,Myles Smith,STARGAZING,205000,Indie Pop,2024-09-15T15:58:35Z
user2,tr029,Ghost,Justin Bieber,Justice,153496,Pop,2024-09-15T16:12:51Z
user3,tr028,Unholy,Sam Smith,Gloria,156943,Pop,2024-09-15T21:26:38Z
user1,tr012,Lose Control,Teddy Swims,I ve Tried Everything,203000,R&B,2024-09-16T12:00:18Z
user1,tr020,Anti-Hero,Taylor Swift,Midnights,200698,Pop,2024-09-16T15:37:35Z
user3,tr011,Not Like Us,Kendrick Lamar,Not Like Us,274000,Hip-Hop,2024-09-16T15:49:54Z
user2,tr015,STARGAZING,Myles Smith,STARGAZING,205000,Indie Pop,2024-09-16T17:24:55Z
user3,tr001,Espresso,Sabrina Carpenter,Short n Sweet,175459,Pop,2024-09-16T18:52:37Z
user2,tr012,Lose Control,Teddy Swims,I ve Tried Everything,203000,R&B,2024-09-16T22:55:44Z
user3,tr010,TEXAS HOLD EM,Beyonce,Cowboy Carter,237000,Country Pop,2024-09-17T17:41:42Z
user3,tr016,One Of The Girls,The Weeknd,One Of The Girls,218000,R&B,2024-09-18T14:31:54Z
user3,tr028,Unholy,Sam Smith,Gloria,156943,Pop,2024-09-19T12:44:35Z
user1,tr023,Flowers,Miley Cyrus,Endless Summer Vacation,200455,Pop,2024-09-19T18:28:32Z
user1,tr014,Lunch,Billie Eilish,HIT ME HARD AND SOFT,187000,Indie Pop,2024-09-20T20:00:42Z
user2,tr003,APT.,ROSÉ,rosie,170000,K-Pop,2024-09-20T20:44:59Z
user2,tr030,Peaches,Justin Bieber,Justice,197913,R&B,2024-09-20T23:43:52Z
user1,tr013,Too Sweet,Hozier,Too Sweet,298000,Indie Folk,2024-09-21T16:15:14Z
user3,tr010,TEXAS HOLD EM,Beyonce,Cowboy Carter,237000,Country Pop,2024-09-21T20:23:32Z
user3,tr016,One Of The Girls,The Weeknd,One Of The Girls,218000,R&B,2024-09-21T20:43:39Z
user3,tr008,Harlequin,Lady Gaga,Harlequin,162000,Pop,2024-09-21T23:25:04Z
user2,tr029,Ghost,Justin Bieber,Justice,153496,Pop,2024-09-22T12:05:46Z
user2,tr011,Not Like Us,Kendrick Lamar,Not Like Us,274000,Hip-Hop,2024-09-22T21:54:05Z
user2,tr030,Peaches,Justin Bieber,Justice,197913,R&B,2024-09-23T11:19:17Z
user1,tr025,Watermelon Sugar,Harry Styles,Fine Line,174000,Indie Pop,2024-09-23T12:41:01Z
user3,tr028,Unholy,Sam Smith,Gloria,156943,Pop,2024-09-23T15:57:23Z
user1,tr014,Lunch,Billie Eilish,HIT ME HARD AND SOFT,187000,Indie Pop,2024-09-23T22:34:43Z
user3,tr025,Watermelon Sugar,Harry Styles,Fine Line,174000,Indie Pop,2024-09-24T07:24:09Z
user1,tr019,Shake It Off,Taylor Swift,1989,219200,Pop,2024-09-24T13:16:13Z
user1,tr006,"Good Luck, Babe!",Chappell Roan,"Good Luck, Babe!",218000,Pop,2024-09-24T14:58:28Z
user3,tr013,Too Sweet,Hozier,Too Sweet,298000,Indie Folk,2024-09-24T15:34:43Z
user1,tr019,Shake It Off,Taylor Swift,1989,219200,Pop,2024-09-25T06:55:19Z
user3,tr016,One Of The Girls,The Weeknd,One Of The Girls,218000,R&B,2024-09-25T13:56:43Z
user3,tr027,Levitating,Dua Lipa,Future Nostalgia,203064,Dance Pop,2024-09-25T20:36:46Z
user2,tr024,As It Was,Harry Styles,Harry's House,167303,Indie Pop,2024-09-26T03:21:56Z
user3,tr028,Unholy,Sam Smith,Gloria,156943,Pop,2024-09-26T11:51:34Z
user2,tr030,Peaches,Justin Bieber,Justice,197913,R&B,2024-09-27T22:14:13Z
user1,tr017,Blinding Lights,The Weeknd,After Hours,200000,Synth-Pop,2024-09-28T09:32:05Z
user1,tr030,Peaches,Justin Bieber,Justice,197913,R&B,2024-09-28T12:32:38Z
user1,tr004,Die With A Smile,Lady Gaga,Die With A Smile,251333,Pop,2024-09-28T15:43:50Z
user1,tr005,Birds Of A Feather,Billie Eilish,HIT ME HARD AND SOFT,210000,Indie Pop,2024-09-28T22:38:20Z
user3,tr004,Die With A Smile,Lady Gaga,Die With A Smile,251333,Pop,2024-09-28T23:26:31Z
user2,tr017,Blinding Lights,The Weeknd,After Hours,200000,Synth-Pop,2024-09-29T12:34:10Z
user1,tr001,Espresso,Sabrina Carpenter,Short n Sweet,175459,Pop,2024-09-29T15:23:04Z
user1,tr029,Ghost,Justin Bieber,Justice,153496,Pop,2024-09-29T20:08:42Z
user3,tr020,Anti-Hero,Taylor Swift,Midnights,200698,Pop,2024-09-30T00:46:39Z
user3,tr028,Unholy,Sam Smith,Gloria,156943,Pop,2024-09-30T12:54:27Z
user2,tr017,Blinding Lights,The Weeknd,After Hours,200000,Synth-Pop,2024-09-30T20:54:59Z
user1,tr001,Espresso,Sabrina Carpenter,Short n Sweet,175459,Pop,2024-10-01T08:23:43Z
user1,tr005,Birds Of A Feather,Billie Eilish,HIT ME HARD AND SOFT,210000,Indie Pop,2024-10-01T16:27:11Z
user2,tr028,Unholy,Sam Smith,Gloria,156943,Pop,2024-10-01T18:58:05Z
user2,tr007,Beautiful Things,Benson Boone,Beautiful Things,197000,Pop Rock,2024-10-02T12:35:44Z
user3,tr018,Cruel Summer,Taylor Swift,Lover,178427,Pop,2024-10-02T17:05:19Z
user3,tr030,Peaches,Justin Bieber,Justice,197913,R&B,2024-10-02T17:40:04Z
user3,tr028,Unholy,Sam Smith,Gloria,156943,Pop,2024-10-03T12:18:19Z
user1,tr021,Vampire,Olivia Rodrigo,GUTS,218000,Pop Rock,2024-10-03T15:47:46Z
user3,tr009,Columbia,Quavo,Rocket Power,156000,Hip-Hop,2024-10-03T16:49:09Z
user1,tr004,Die With A Smile,Lady Gaga,Die With A Smile,251333,Pop,2024-10-03T21:23:33Z
user1,tr016,One Of The Girls,The Weeknd,One Of The Girls,218000,R&B,2024-10-04T03:04:15Z
user1,tr018,Cruel Summer,Taylor Swift,Lover,178427,Pop,2024-10-05T14:59:20Z
user2,tr012,Lose Control,Teddy Swims,I ve Tried Everything,203000,R&B,2024-10-05T16:02:48Z
user3,tr007,Beautiful Things,Benson Boone,Beautiful Things,197000,Pop Rock,2024-10-05T17:05:22Z
user1,tr005,Birds Of A Feather,Billie Eilish,HIT ME HARD AND SOFT,210000,Indie Pop,2024-10-05T19:39:51Z
user2,tr004,Die With A Smile,Lady Gaga,Die With A Smile,251333,Pop,2024-10-05T20:23:34Z
user1,tr026,Heat Waves,Glass Animals,Dreamland,238805,Indie Pop,2024-10-06T03:23:37Z
user2,tr018,Cruel Summer,Taylor Swift,Lover,178427,Pop,2024-10-06T09:49:35Z
user1,tr020,Anti-Hero,Taylor Swift,Midnights,200698,Pop,2024-10-06T15:28:37Z
user2,tr005,Birds Of A Feather,Billie Eilish,HIT ME HARD AND SOFT,210000,Indie Pop,2024-10-06T16:58:56Z
user3,tr022,bad idea right?,Olivia Rodrigo,GUTS,175000,Pop Rock,2024-10-06T20:15:09Z
user1,tr018,Cruel Summer,Taylor Swift,Lover,178427,Pop,2024-10-06T20:57:14Z
user3,tr007,Beautiful Things,Benson Boone,Beautiful Things,197000,Pop Rock,2024-10-07T17:13:44Z
user2,tr004,Die With A Smile,Lady Gaga,Die With A Smile,251333,Pop,2024-10-07T21:12:36Z
user3,tr015,STARGAZING,Myles Smith,STARGAZING,205000,Indie Pop,2024-10-08T06:42:04Z
user1,tr024,As It Was,Harry Styles,Harry's House,167303,Indie Pop,2024-10-08T07:41:34Z
user1,tr006,"Good Luck, Babe!",Chappell Roan,"Good Luck, Babe!",218000,Pop,2024-10-08T08:18:28Z
user1,tr016,One Of The Girls,The Weeknd,One Of The Girls,218000,R&B,2024-10-08T09:33:55Z
user3,tr017,Blinding Lights,The Weeknd,After Hours,200000,Synth-Pop,2024-10-08T11:29:06Z
user3,tr011,Not Like Us,Kendrick Lamar,Not Like Us,274000,Hip-Hop,2024-10-09T05:47:16Z
user1,tr007,Beautiful Things,Benson Boone,Beautiful Things,197000,Pop Rock,2024-10-09T06:00:26Z
user2,tr011,Not Like Us,Kendrick Lamar,Not Like Us,274000,Hip-Hop,2024-10-09T08:56:05Z
user2,tr029,Ghost,Justin Bieber,Justice,153496,Pop,2024-10-09T13:18:24Z
user1,tr026,Heat Waves,Glass Animals,Dreamland,238805,Indie Pop,2024-10-09T19:13:27Z
user1,tr007,Beautiful Things,Benson Boone,Beautiful Things,197000,Pop Rock,2024-10-10T21:00:43Z
user2,tr001,Espresso,Sabrina Carpenter,Short n Sweet,175459,Pop,2024-10-10T22:37:46Z
user1,tr003,APT.,ROSÉ,rosie,170000,K-Pop,2024-10-11T14:48:17Z
user1,tr030,Peaches,Justin Bieber,Justice,197913,R&B,2024-10-11T19:31:09Z
user1,tr030,Peaches,Justin Bieber,Justice,197913,R&B,2024-10-12T14:50:25Z
user3,tr006,"Good Luck, Babe!",Chappell Roan,"Good Luck, Babe!",218000,Pop,2024-10-12T21:39:03Z
user2,tr023,Flowers,Miley Cyrus,Endless Summer Vacation,200455,Pop,2024-10-13T11:13:55Z
user1,tr021,Vampire,Olivia Rodrigo,GUTS,218000,Pop Rock,2024-10-13T18:48:57Z
user2,tr023,Flowers,Miley Cyrus,Endless Summer Vacation,200455,Pop,2024-10-13T21:15:36Z
user2,tr011,Not Like Us,Kendrick Lamar,Not Like Us,274000,Hip-Hop,2024-10-14T07:15:29Z
user1,tr020,Anti-Hero,Taylor Swift,Midnights,200698,Pop,2024-10-14T13:39:14Z
user1,tr007,Beautiful Things,Benson Boone,Beautiful Things,197000,Pop Rock,2024-10-14T17:47:37Z
user3,tr026,Heat Waves,Glass Animals,Dreamland,238805,Indie Pop,2024-10-14T19:38:18Z
user3,tr026,Heat Waves,Glass Animals,Dreamland,238805,Indie Pop,2024-10-15T06:48:44Z
user3,tr029,Ghost,Justin Bieber,Justice,153496,Pop,2024-10-15T08:12:53Z
user2,tr012,Lose Control,Teddy Swims,I ve Tried Everything,203000,R&B,2024-10-15T21:47:09Z
user1,tr004,Die With A Smile,Lady Gaga,Die With A Smile,251333,Pop,2024-10-15T22:05:15Z
user1,tr021,Vampire,Olivia Rodrigo,GUTS,218000,Pop Rock,2024-10-15T22:29:44Z
user3,tr026,Heat Waves,Glass Animals,Dreamland,238805,Indie Pop,2024-10-17T03:38:20Z
user2,tr017,Blinding Lights,The Weeknd,After Hours,200000,Synth-Pop,2024-10-17T21:24:43Z
user3,tr017,Blinding Lights,The Weeknd,After Hours,200000,Synth-Pop,2024-10-18T02:12:56Z
user3,tr013,Too Sweet,Hozier,Too Sweet,298000,Indie Folk,2024-10-18T21:29:09Z
user2,tr011,Not Like Us,Kendrick Lamar,Not Like Us,274000,Hip-Hop,2024-10-19T15:42:42Z
user1,tr022,bad idea right?,Olivia Rodrigo,GUTS,175000,Pop Rock,2024-10-19T18:15:50Z
user3,tr021,Vampire,Olivia Rodrigo,GUTS,218000,Pop Rock,2024-10-19T20:21:46Z
user3,tr007,Beautiful Things,Benson Boone,Beautiful Things,197000,Pop Rock,2024-10-20T15:46:25Z
user3,tr015,STARGAZING,Myles Smith,STARGAZING,205000,Indie Pop,2024-10-20T16:54:31Z
user2,tr026,Heat Waves,Glass Animals,Dreamland,238805,Indie Pop,2024-10-21T13:38:49Z
user1,tr026,Heat Waves,Glass Animals,Dreamland,238805,Indie Pop,2024-10-21T14:00:22Z
user2,tr018,Cruel Summer,Taylor Swift,Lover,178427,Pop,2024-10-21T14:11:31Z
user1,tr024,As It Was,Harry Styles,Harry's House,167303,Indie Pop,2024-10-22T03:48:11Z
user1,tr013,Too Sweet,Hozier,Too Sweet,298000,Indie Folk,2024-10-22T10:02:45Z
user1,tr017,Blinding Lights,The Weeknd,After Hours,200000,Synth-Pop,2024-10-22T18:03:09Z
user2,tr014,Lunch,Billie Eilish,HIT ME HARD AND SOFT,187000,Indie Pop,2024-10-22T18:40:26Z
user3,tr025,Watermelon Sugar,Harry Styles,Fine Line,174000,Indie Pop,2024-10-22T19:43:14Z
user1,tr015,STARGAZING,Myles Smith,STARGAZING,205000,Indie Pop,2024-10-23T14:08:05Z
user2,tr006,"Good Luck, Babe!",Chappell Roan,"Good Luck, Babe!",218000,Pop,2024-10-24T09:42:39Z
user1,tr014,Lunch,Billie Eilish,HIT ME HARD AND SOFT,187000,Indie Pop,2024-10-25T15:14:08Z
user3,tr004,Die With A Smile,Lady Gaga,Die With A Smile,251333,Pop,2024-10-26T04:54:04Z
user3,tr024,As It Was,Harry Styles,Harry's House,167303,Indie Pop,2024-10-26T07:06:10Z
user3,tr029,Ghost,Justin Bieber,Justice,153496,Pop,2024-10-26T16:32:49Z
user1,tr020,Anti-Hero,Taylor Swift,Midnights,200698,Pop,2024-10-26T17:20:24Z
user1,tr014,Lunch,Billie Eilish,HIT ME HARD AND SOFT,187000,Indie Pop,2024-10-26T22:01:54Z
user3,tr012,Lose Control,Teddy Swims,I ve Tried Everything,203000,R&B,2024-10-26T23:10:06Z
user1,tr022,bad idea right?,Olivia Rodrigo,GUTS,175000,Pop Rock,2024-10-27T18:42:31Z
user1,tr025,Watermelon Sugar,Harry Styles,Fine Line,174000,Indie Pop,2024-10-27T22:48:43Z
user3,tr013,Too Sweet,Hozier,Too Sweet,298000,Indie Folk,2024-10-28T11:03:53Z
user3,tr022,bad idea right?,Olivia Rodrigo,GUTS,175000,Pop Rock,2024-10-28T17:07:23Z
user2,tr024,As It Was,Harry Styles,Harry's House,167303,Indie Pop,2024-10-28T19:22:27Z
user1,tr009,Columbia,Quavo,Rocket Power,156000,Hip-Hop,2024-10-28T23:19:36Z
user1,tr016,One Of The Girls,The Weeknd,One Of The Girls,218000,R&B,2024-10-28T23:33:38Z
user3,tr021,Vampire,Olivia Rodrigo,GUTS,218000,Pop Rock,2024-10-29T02:44:22Z
user1,tr024,As It Was,Harry Styles,Harry's House,167303,Indie Pop,2024-10-29T05:32:04Z
user3,tr017,Blinding Lights,The Weeknd,After Hours,200000,Synth-Pop,2024-10-29T11:02:35Z
user1,tr017,Blinding Lights,The Weeknd,After Hours,200000,Synth-Pop,2024-10-29T13:06:55Z
user3,tr004,Die With A Smile,Lady Gaga,Die With A Smile,251333,Pop,2024-10-29T16:36:43Z
user2,tr003,APT.,ROSÉ,rosie,170000,K-Pop,2024-10-29T21:58:11Z
user1,tr027,Levitating,Dua Lipa,Future Nostalgia,203064,Dance Pop,2024-10-30T17:01:05Z
user3,tr016,One Of The Girls,The Weeknd,One Of The Girls,218000,R&B,2024-10-31T06:56:00Z
user2,tr027,Levitating,Dua Lipa,Future Nostalgia,203064,Dance Pop,2024-10-31T08:20:38Z
user1,tr015,STARGAZING,Myles Smith,STARGAZING,205000,Indie Pop,2024-10-31T16:02:14Z
user3,tr029,Ghost,Justin Bieber,Justice,153496,Pop,2024-11-01T05:59:40Z
user2,tr028,Unholy,Sam Smith,Gloria,156943,Pop,2024-11-01T17:40:32Z
user2,tr016,One Of The Girls,The Weeknd,One Of The Girls,218000,R&B,2024-11-01T18:20:55Z
user1,tr012,Lose Control,Teddy Swims,I ve Tried Everything,203000,R&B,2024-11-01T19:17:35Z
user2,tr021,Vampire,Olivia Rodrigo,GUTS,218000,Pop Rock,2024-11-01T21:05:33Z
user1,tr006,"Good Luck, Babe!",Chappell Roan,"Good Luck, Babe!",218000,Pop,2024-11-02T05:13:19Z
user1,tr013,Too Sweet,Hozier,Too Sweet,298000,Indie Folk,2024-11-02T17:56:08Z
user1,tr029,Ghost,Justin Bieber,Justice,153496,Pop,2024-11-03T13:06:36Z
user3,tr028,Unholy,Sam Smith,Gloria,156943,Pop,2024-11-03T15:20:43Z
user2,tr008,Harlequin,Lady Gaga,Harlequin,162000,Pop,2024-11-03T18:38:18Z
user3,tr019,Shake It Off,Taylor Swift,1989,219200,Pop,2024-11-03T20:14:16Z
user1,tr006,"Good Luck, Babe!",Chappell Roan,"Good Luck, Babe!",218000,Pop,2024-11-04T02:12:45Z
user2,tr005,Birds Of A Feather,Billie Eilish,HIT ME HARD AND SOFT,210000,Indie Pop,2024-11-04T17:32:02Z
user1,tr029,Ghost,Justin Bieber,Justice,153496,Pop,2024-11-04T21:21:05Z
user2,tr023,Flowers,Miley Cyrus,Endless Summer Vacation,200455,Pop,2024-11-05T13:59:36Z
user3,tr022,bad idea right?,Olivia Rodrigo,GUTS,175000,Pop Rock,2024-11-05T18:12:28Z
user2,tr003,APT.,ROSÉ,rosie,170000,K-Pop,2024-11-05T20:38:25Z
user1,tr002,Please Please Please,Sabrina Carpenter,Short n Sweet,186614,Pop,2024-11-07T08:08:17Z
user1,tr020,Anti-Hero,Taylor Swift,Midnights,200698,Pop,2024-11-07T10:23:48Z
user2,tr016,One Of The Girls,The Weeknd,One Of The Girls,218000,R&B,2024-11-07T17:07:49Z
user3,tr014,Lunch,Billie Eilish,HIT ME HARD AND SOFT,187000,Indie Pop,2024-11-08T14:22:39Z
user2,tr018,Cruel Summer,Taylor Swift,Lover,178427,Pop,2024-11-08T15:07:22Z
user1,tr020,Anti-Hero,Taylor Swift,Midnights,200698,Pop,2024-11-08T22:06:48Z
user3,tr028,Unholy,Sam Smith,Gloria,156943,Pop,2024-11-09T11:36:06Z
user2,tr010,TEXAS HOLD EM,Beyonce,Cowboy Carter,237000,Country Pop,2024-11-09T13:25:39Z
user1,tr006,"Good Luck, Babe!",Chappell Roan,"Good Luck, Babe!",218000,Pop,2024-11-10T04:50:58Z
user2,tr019,Shake It Off,Taylor Swift,1989,219200,Pop,2024-11-10T17:32:41Z
user3,tr006,"Good Luck, Babe!",Chappell Roan,"Good Luck, Babe!",218000,Pop,2024-11-10T18:15:41Z
user3,tr029,Ghost,Justin Bieber,Justice,153496,Pop,2024-11-10T19:48:32Z
user2,tr012,Lose Control,Teddy Swims,I ve Tried Everything,203000,R&B,2024-11-10T21:28:37Z
user2,tr029,Ghost,Justin Bieber,Justice,153496,Pop,2024-11-10T23:17:40Z
user3,tr020,Anti-Hero,Taylor Swift,Midnights,200698,Pop,2024-11-12T07:42:46Z
user3,tr016,One Of The Girls,The Weeknd,One Of The Girls,218000,R&B,2024-11-12T08:07:50Z
user1,tr024,As It Was,Harry Styles,Harry's House,167303,Indie Pop,2024-11-12T16:44:58Z
user3,tr010,TEXAS HOLD EM,Beyonce,Cowboy Carter,237000,Country Pop,2024-11-12T17:35:52Z
user2,tr011,Not Like Us,Kendrick Lamar,Not Like Us,274000,Hip-Hop,2024-11-12T18:59:39Z
user2,tr027,Levitating,Dua Lipa,Future Nostalgia,203064,Dance Pop,2024-11-13T05:22:00Z
user3,tr018,Cruel Summer,Taylor Swift,Lover,178427,Pop,2024-11-13T06:56:12Z
user1,tr020,Anti-Hero,Taylor Swift,Midnights,200698,Pop,2024-11-13T13:52:48Z
user2,tr019,Shake It Off,Taylor Swift,1989,219200,Pop,2024-11-13T20:24:09Z
user1,tr025,Watermelon Sugar,Harry Styles,Fine Line,174000,Indie Pop,2024-11-13T20:59:59Z
user1,tr025,Watermelon Sugar,Harry Styles,Fine Line,174000,Indie Pop,2024-11-14T09:08:30Z
user2,tr020,Anti-Hero,Taylor Swift,Midnights,200698,Pop,2024-11-14T16:07:53Z
user3,tr023,Flowers,Miley Cyrus,Endless Summer Vacation,200455,Pop,2024-11-15T04:03:42Z
user1,tr020,Anti-Hero,Taylor Swift,Midnights,200698,Pop,2024-11-15T13:40:20Z
user3,tr022,bad idea right?,Olivia Rodrigo,GUTS,175000,Pop Rock,2024-11-16T06:04:57Z
user2,tr023,Flowers,Miley Cyrus,Endless Summer Vacation,200455,Pop,2024-11-17T07:37:47Z
user3,tr014,Lunch,Billie Eilish,HIT ME HARD AND SOFT,187000,Indie Pop,2024-11-17T08:38:16Z
user1,tr005,Birds Of A Feather,Billie Eilish,HIT ME HARD AND SOFT,210000,Indie Pop,2024-11-17T16:48:36Z
user1,tr002,Please Please Please,Sabrina Carpenter,Short n Sweet,186614,Pop,2024-11-17T18:19:50Z
user3,tr016,One Of The Girls,The Weeknd,One Of The Girls,218000,R&B,2024-11-17T19:49:26Z
user3,tr008,Harlequin,Lady Gaga,Harlequin,162000,Pop,2024-11-18T20:55:43Z
user3,tr013,Too Sweet,Hozier,Too Sweet,298000,Indie Folk,2024-11-18T22:05:37Z
user3,tr010,TEXAS HOLD EM,Beyonce,Cowboy Carter,237000,Country Pop,2024-11-20T08:43:56Z
user1,tr004,Die With A Smile,Lady Gaga,Die With A Smile,251333,Pop,2024-11-20T23:05:47Z
user2,tr014,Lunch,Billie Eilish,HIT ME HARD AND SOFT,187000,Indie Pop,2024-11-21T15:23:16Z
user1,tr020,Anti-Hero,Taylor Swift,Midnights,200698,Pop,2024-11-21T20:58:44Z
user2,tr008,Harlequin,Lady Gaga,Harlequin,162000,Pop,2024-11-21T22:17:08Z
user1,tr006,"Good Luck, Babe!",Chappell Roan,"Good Luck, Babe!",218000,Pop,2024-11-22T12:16:42Z
user1,tr030,Peaches,Justin Bieber,Justice,197913,R&B,2024-11-23T19:14:43Z
user2,tr030,Peaches,Justin Bieber,Justice,197913,R&B,2024-11-24T06:29:43Z
user2,tr013,Too Sweet,Hozier,Too Sweet,298000,Indie Folk,2024-11-24T17:31:56Z
user3,tr015,STARGAZING,Myles Smith,STARGAZING,205000,Indie Pop,2024-11-24T18:39:15Z
user2,tr016,One Of The Girls,The Weeknd,One Of The Girls,218000,R&B,2024-11-24T22:33:02Z
user2,tr025,Watermelon Sugar,Harry Styles,Fine Line,174000,Indie Pop,2024-11-24T23:41:26Z
user1,tr026,Heat Waves,Glass Animals,Dreamland,238805,Indie Pop,2024-11-25T16:16:08Z
user2,tr003,APT.,ROSÉ,rosie,170000,K-Pop,2024-11-26T14:24:36Z
user1,tr013,Too Sweet,Hozier,Too Sweet,298000,Indie Folk,2024-11-26T14:25:17Z
user2,tr027,Levitating,Dua Lipa,Future Nostalgia,203064,Dance Pop,2024-11-26T20:36:54Z
user1,tr008,Harlequin,Lady Gaga,Harlequin,162000,Pop,2024-11-26T21:54:05Z
user3,tr028,Unholy,Sam Smith,Gloria,156943,Pop,2024-11-27T14:00:35Z
user3,tr021,Vampire,Olivia Rodrigo,GUTS,218000,Pop Rock,2024-11-27T14:37:34Z
user3,tr023,Flowers,Miley Cyrus,Endless Summer Vacation,200455,Pop,2024-11-28T00:42:22Z
user2,tr001,Espresso,Sabrina Carpenter,Short n Sweet,175459,Pop,2024-11-28T09:22:46Z
user2,tr011,Not Like Us,Kendrick Lamar,Not Like Us,274000,Hip-Hop,2024-11-28T09:25:40Z
user2,tr012,Lose Control,Teddy Swims,I ve Tried Everything,203000,R&B,2024-11-28T12:07:01Z
user2,tr005,Birds Of A Feather,Billie Eilish,HIT ME HARD AND SOFT,210000,Indie Pop,2024-11-28T12:55:59Z
user3,tr002,Please Please Please,Sabrina Carpenter,Short n Sweet,186614,Pop,2024-11-28T13:45:33Z
user2,tr014,Lunch,Billie Eilish,HIT ME HARD AND SOFT,187000,Indie Pop,2024-11-28T14:16:23Z
user3,tr019,Shake It Off,Taylor Swift,1989,219200,Pop,2024-11-28T19:04:19Z
user2,tr017,Blinding Lights,The Weeknd,After Hours,200000,Synth-Pop,2024-11-29T10:36:26Z
user1,tr018,Cruel Summer,Taylor Swift,Lover,178427,Pop,2024-11-29T12:51:58Z
user1,tr016,One Of The Girls,The Weeknd,One Of The Girls,218000,R&B,2024-11-29T16:17:11Z
user2,tr001,Espresso,Sabrina Carpenter,Short n Sweet,175459,Pop,2024-11-30T14:15:03Z
user2,tr016,One Of The Girls,The Weeknd,One Of The Girls,218000,R&B,2024-11-30T21:07:11Z
user2,tr006,"Good Luck, Babe!",Chappell Roan,"Good Luck, Babe!",218000,Pop,2024-11-30T22:56:30Z
user1,tr002,Please Please Please,Sabrina Carpenter,Short n Sweet,186614,Pop,2024-11-30T23:06:03Z
user2,tr027,Levitating,Dua Lipa,Future Nostalgia,203064,Dance Pop,2024-11-30T23:41:48Z
user2,tr009,Columbia,Quavo,Rocket Power,156000,Hip-Hop,2024-12-01T20:49:37Z
user2,tr016,One Of The Girls,The Weeknd,One Of The Girls,218000,R&B,2024-12-02T03:59:54Z
user3,tr018,Cruel Summer,Taylor Swift,Lover,178427,Pop,2024-12-02T14:28:07Z
user3,tr020,Anti-Hero,Taylor Swift,Midnights,200698,Pop,2024-12-02T20:07:00Z
user3,tr007,Beautiful Things,Benson Boone,Beautiful Things,197000,Pop Rock,2024-12-02T21:11:18Z
user2,tr008,Harlequin,Lady Gaga,Harlequin,162000,Pop,2024-12-03T09:27:50Z
user3,tr004,Die With A Smile,Lady Gaga,Die With A Smile,251333,Pop,2024-12-03T11:21:22Z
user1,tr001,Espresso,Sabrina Carpenter,Short n Sweet,175459,Pop,2024-12-03T15:00:36Z
user2,tr029,Ghost,Justin Bieber,Justice,153496,Pop,2024-12-03T16:00:34Z
user3,tr015,STARGAZING,Myles Smith,STARGAZING,205000,Indie Pop,2024-12-03T18:32:08Z
user1,tr021,Vampire,Olivia Rodrigo,GUTS,218000,Pop Rock,2024-12-03T19:08:40Z
user3,tr013,Too Sweet,Hozier,Too Sweet,298000,Indie Folk,2024-12-04T03:10:34Z
user3,tr016,One Of The Girls,The Weeknd,One Of The Girls,218000,R&B,2024-12-04T12:41:34Z
user3,tr018,Cruel Summer,Taylor Swift,Lover,178427,Pop,2024-12-04T12:50:36Z
user3,tr010,TEXAS HOLD EM,Beyonce,Cowboy Carter,237000,Country Pop,2024-12-04T18:30:12Z
user2,tr017,Blinding Lights,The Weeknd,After Hours,200000,Synth-Pop,2024-12-05T16:24:20Z
user2,tr016,One Of The Girls,The Weeknd,One Of The Girls,218000,R&B,2024-12-06T20:48:15Z
user3,tr017,Blinding Lights,The Weeknd,After Hours,200000,Synth-Pop,2024-12-07T19:43:47Z
user3,tr008,Harlequin,Lady Gaga,Harlequin,162000,Pop,2024-12-08T10:58:50Z
user1,tr006,"Good Luck, Babe!",Chappell Roan,"Good Luck, Babe!",218000,Pop,2024-12-08T16:34:08Z
user2,tr008,Harlequin,Lady Gaga,Harlequin,162000,Pop,2024-12-08T21:14:40Z
user3,tr017,Blinding Lights,The Weeknd,After Hours,200000,Synth-Pop,2024-12-08T21:33:33Z
user1,tr018,Cruel Summer,Taylor Swift,Lover,178427,Pop,2024-12-09T08:22:55Z
user1,tr022,bad idea right?,Olivia Rodrigo,GUTS,175000,Pop Rock,2024-12-09T10:27:04Z
user3,tr028,Unholy,Sam Smith,Gloria,156943,Pop,2024-12-09T14:19:54Z
user2,tr029,Ghost,Justin Bieber,Justice,153496,Pop,2024-12-09T14:33:20Z
user3,tr025,Watermelon Sugar,Harry Styles,Fine Line,174000,Indie Pop,2024-12-09T18:56:21Z
user3,tr012,Lose Control,Teddy Swims,I ve Tried Everything,203000,R&B,2024-12-09T19:06:18Z
user3,tr012,Lose Control,Teddy Swims,I ve Tried Everything,203000,R&B,2024-12-10T08:45:41Z
user2,tr026,Heat Waves,Glass Animals,Dreamland,238805,Indie Pop,2024-12-10T17:40:19Z
user3,tr028,Unholy,Sam Smith,Gloria,156943,Pop,2024-12-10T18:49:57Z
user1,tr020,Anti-Hero,Taylor Swift,Midnights,200698,Pop,2024-12-11T18:01:38Z
user3,tr028,Unholy,Sam Smith,Gloria,156943,Pop,2024-12-11T19:14:47Z
user2,tr005,Birds Of A Feather,Billie Eilish,HIT ME HARD AND SOFT,210000,Indie Pop,2024-12-12T08:33:36Z
user2,tr011,Not Like Us,Kendrick Lamar,Not Like Us,274000,Hip-Hop,2024-12-13T09:01:09Z
user2,tr012,Lose Control,Teddy Swims,I ve Tried Everything,203000,R&B,2024-12-13T18:32:09Z
user2,tr027,Levitating,Dua Lipa,Future Nostalgia,203064,Dance Pop,2024-12-13T20:02:08Z
user1,tr012,Lose Control,Teddy Swims,I ve Tried Everything,203000,R&B,2024-12-13T20:46:10Z
user3,tr016,One Of The Girls,The Weeknd,One Of The Girls,218000,R&B,2024-12-14T14:19:26Z
user2,tr013,Too Sweet,Hozier,Too Sweet,298000,Indie Folk,2024-12-14T18:24:05Z
user2,tr011,Not Like Us,Kendrick Lamar,Not Like Us,274000,Hip-Hop,2024-12-14T18:44:16Z
user3,tr018,Cruel Summer,Taylor Swift,Lover,178427,Pop,2024-12-14T19:02:25Z
user3,tr027,Levitating,Dua Lipa,Future Nostalgia,203064,Dance Pop,2024-12-15T00:58:08Z
user3,tr015,STARGAZING,Myles Smith,STARGAZING,205000,Indie Pop,2024-12-15T06:11:47Z
user1,tr007,Beautiful Things,Benson Boone,Beautiful Things,197000,Pop Rock,2024-12-15T19:38:40Z
user3,tr029,Ghost,Justin Bieber,Justice,153496,Pop,2024-12-15T21:24:58Z
user1,tr022,bad idea right?,Olivia Rodrigo,GUTS,175000,Pop Rock,2024-12-15T21:48:17Z
user3,tr027,Levitating,Dua Lipa,Future Nostalgia,203064,Dance Pop,2024-12-16T07:55:14Z
user2,tr016,One Of The Girls,The Weeknd,One Of The Girls,218000,R&B,2024-12-16T14:08:17Z
user3,tr002,Please Please Please,Sabrina Carpenter,Short n Sweet,186614,Pop,2024-12-16T21:46:57Z
user3,tr021,Vampire,Olivia Rodrigo,GUTS,218000,Pop Rock,2024-12-17T17:50:30Z
user1,tr004,Die With A Smile,Lady Gaga,Die With A Smile,251333,Pop,2024-12-18T00:48:55Z
user2,tr017,Blinding Lights,The Weeknd,After Hours,200000,Synth-Pop,2024-12-18T18:28:23Z
user2,tr017,Blinding Lights,The Weeknd,After Hours,200000,Synth-Pop,2024-12-18T18:38:30Z
user2,tr026,Heat Waves,Glass Animals,Dreamland,238805,Indie Pop,2024-12-18T19:32:47Z
user2,tr025,Watermelon Sugar,Harry Styles,Fine Line,174000,Indie Pop,2024-12-19T02:54:42Z
user1,tr028,Unholy,Sam Smith,Gloria,156943,Pop,2024-12-19T10:13:47Z
user2,tr026,Heat Waves,Glass Animals,Dreamland,238805,Indie Pop,2024-12-20T06:54:50Z
user2,tr006,"Good Luck, Babe!",Chappell Roan,"Good Luck, Babe!",218000,Pop,2024-12-20T20:51:57Z
user2,tr028,Unholy,Sam Smith,Gloria,156943,Pop,2024-12-20T21:30:17Z
user2,tr006,"Good Luck, Babe!",Chappell Roan,"Good Luck, Babe!",218000,Pop,2024-12-21T08:24:26Z
user1,tr027,Levitating,Dua Lipa,Future Nostalgia,203064,Dance Pop,2024-12-21T12:11:17Z
user3,tr006,"Good Luck, Babe!",Chappell Roan,"Good Luck, Babe!",218000,Pop,2024-12-21T19:00:19Z
user3,tr009,Columbia,Quavo,Rocket Power,156000,Hip-Hop,2024-12-21T21:19:08Z
user3,tr019,Shake It Off,Taylor Swift,1989,219200,Pop,2024-12-21T21:21:00Z
user2,tr020,Anti-Hero,Taylor Swift,Midnights,200698,Pop,2024-12-21T22:59:11Z
user2,tr017,Blinding Lights,The Weeknd,After Hours,200000,Synth-Pop,2024-12-22T11:43:52Z
user1,tr011,Not Like Us,Kendrick Lamar,Not Like Us,274000,Hip-Hop,2024-12-22T12:08:12Z
user3,tr008,Harlequin,Lady Gaga,Harlequin,162000,Pop,2024-12-22T12:42:03Z
user1,tr005,Birds Of A Feather,Billie Eilish,HIT ME HARD AND SOFT,210000,Indie Pop,2024-12-22T15:25:15Z
user1,tr024,As It Was,Harry Styles,Harry's House,167303,Indie Pop,2024-12-22T17:03:35Z
user2,tr029,Ghost,Justin Bieber,Justice,153496,Pop,2024-12-22T18:13:25Z
user3,tr025,Watermelon Sugar,Harry Styles,Fine Line,174000,Indie Pop,2024-12-22T18:13:53Z
user3,tr005,Birds Of A Feather,Billie Eilish,HIT ME HARD AND SOFT,210000,Indie Pop,2024-12-22T19:54:10Z
user1,tr025,Watermelon Sugar,Harry Styles,Fine Line,174000,Indie Pop,2024-12-23T11:24:14Z
user3,tr001,Espresso,Sabrina Carpenter,Short n Sweet,175459,Pop,2024-12-24T18:33:50Z
user2,tr022,bad idea right?,Olivia Rodrigo,GUTS,175000,Pop Rock,2024-12-24T18:50:23Z
user2,tr010,TEXAS HOLD EM,Beyonce,Cowboy Carter,237000,Country Pop,2024-12-24T20:27:41Z
user3,tr021,Vampire,Olivia Rodrigo,GUTS,218000,Pop Rock,2024-12-25T01:31:22Z
user1,tr014,Lunch,Billie Eilish,HIT ME HARD AND SOFT,187000,Indie Pop,2024-12-25T08:41:41Z
user1,tr011,Not Like Us,Kendrick Lamar,Not Like Us,274000,Hip-Hop,2024-12-25T16:19:16Z
user2,tr011,Not Like Us,Kendrick Lamar,Not Like Us,274000,Hip-Hop,2024-12-25T17:30:48Z
user2,tr021,Vampire,Olivia Rodrigo,GUTS,218000,Pop Rock,2024-12-25T21:15:09Z
user1,tr004,Die With A Smile,Lady Gaga,Die With A Smile,251333,Pop,2024-12-25T21:47:43Z
user3,tr028,Unholy,Sam Smith,Gloria,156943,Pop,2024-12-26T10:23:52Z
user1,tr013,Too Sweet,Hozier,Too Sweet,298000,Indie Folk,2024-12-26T11:35:53Z
user2,tr010,TEXAS HOLD EM,Beyonce,Cowboy Carter,237000,Country Pop,2024-12-26T12:36:17Z
user2,tr013,Too Sweet,Hozier,Too Sweet,298000,Indie Folk,2024-12-26T14:58:36Z
user2,tr015,STARGAZING,Myles Smith,STARGAZING,205000,Indie Pop,2024-12-26T20:44:07Z
user1,tr021,Vampire,Olivia Rodrigo,GUTS,218000,Pop Rock,2024-12-27T11:26:26Z
user2,tr026,Heat Waves,Glass Animals,Dreamland,238805,Indie Pop,2024-12-27T16:39:00Z
user1,tr024,As It Was,Harry Styles,Harry's House,167303,Indie Pop,2024-12-28T09:11:46Z
user1,tr001,Espresso,Sabrina Carpenter,Short n Sweet,175459,Pop,2024-12-28T16:28:33Z
user3,tr011,Not Like Us,Kendrick Lamar,Not Like Us,274000,Hip-Hop,2024-12-28T22:44:56Z
user1,tr024,As It Was,Harry Styles,Harry's House,167303,Indie Pop,2024-12-29T09:35:00Z
user2,tr011,Not Like Us,Kendrick Lamar,Not Like Us,274000,Hip-Hop,2024-12-29T18:27:10Z
user3,tr011,Not Like Us,Kendrick Lamar,Not Like Us,274000,Hip-Hop,2024-12-29T22:02:09Z
user3,tr027,Levitating,Dua Lipa,Future Nostalgia,203064,Dance Pop,2024-12-30T19:35:40Z
user1,tr003,APT.,ROSÉ,rosie,170000,K-Pop,2024-12-30T22:04:57Z
user3,tr004,Die With A Smile,Lady Gaga,Die With A Smile,251333,Pop,2024-12-30T23:40:04Z
user1,tr012,Lose Control,Teddy Swims,I ve Tried Everything,203000,R&B,2024-12-31T07:41:11Z
user1,tr021,Vampire,Olivia Rodrigo,GUTS,218000,Pop Rock,2024-12-31T13:42:41Z
user2,tr003,APT.,ROSÉ,rosie,170000,K-Pop,2024-12-31T19:50:09Z
